﻿<?xml version="1.0" encoding="utf-8"?><toc><breadcrumbs><li><a href="d75eb659-6335-53f6-af7a-81814a21ab7f.htm">Docs</a></li><li><a href="d75eb659-6335-53f6-af7a-81814a21ab7f.htm">Media<wbr />Tek</a></li><li><a href="e267aefd-275b-9ba1-d8ed-82d9dc731696.htm">Media<wbr />Tek</a></li><li><a href="90890aa7-8dc0-5d8f-b62c-502f8e3ffc85.htm">Namespace<wbr />Doc</a></li></breadcrumbs><tocItems><li><a id="4bb41cdf-7229-0951-37bb-4c33d5c60eb1" href="4bb41cdf-7229-0951-37bb-4c33d5c60eb1.htm">Constructor</a></li><li><a id="1a6dbe7d-e0a5-1c8f-fbc5-4b393da409d8" href="1a6dbe7d-e0a5-1c8f-fbc5-4b393da409d8.htm">Methods</a></li></tocItems></toc>