﻿<?xml version="1.0" encoding="utf-8"?><toc><breadcrumbs><li><a href="d75eb659-6335-53f6-af7a-81814a21ab7f.htm">Docs</a></li><li><a href="d75eb659-6335-53f6-af7a-81814a21ab7f.htm">Media<wbr />Tek</a></li><li><a href="e267aefd-275b-9ba1-d8ed-82d9dc731696.htm">Media<wbr />Tek</a></li><li><a href="36288611-96e0-b858-b271-df51198b4c41.htm">Program</a></li><li><a href="0b3a8168-303f-a05b-6711-859bd5667636.htm">Methods</a></li></breadcrumbs><tocItems><li><a id="a794ad54-2eeb-1b5d-edd0-93e57b7a44c9" href="a794ad54-2eeb-1b5d-edd0-93e57b7a44c9.htm">Main</a></li></tocItems></toc>