﻿<?xml version="1.0" encoding="utf-8"?><toc><breadcrumbs><li><a href="d75eb659-6335-53f6-af7a-81814a21ab7f.htm">Docs</a></li><li><a href="d75eb659-6335-53f6-af7a-81814a21ab7f.htm">Media<wbr />Tek</a></li><li><a href="0f97bd1b-a63b-6e54-a6bb-cb2ffc3841a2.htm">Media<wbr />Tek.<wbr />view</a></li><li><a href="f7d4e5d8-4bf3-5d45-ba2c-f7626af79521.htm">frm<wbr />Absences</a></li><li><a href="669dec98-38ec-7fe3-6710-fc908c232f02.htm">Methods</a></li><li><a href="d5d8be1e-cb37-f7bb-33d4-0dfa81eaa22b.htm">Dispose</a></li></breadcrumbs><tocItems><li><a id="cd86e98e-2d5e-4d0e-7a06-3a1c4f2ac2dd" href="cd86e98e-2d5e-4d0e-7a06-3a1c4f2ac2dd.htm">Dispose(<wbr />Boolean)</a></li></tocItems></toc>