﻿<?xml version="1.0" encoding="utf-8"?><toc><breadcrumbs><li><a href="d75eb659-6335-53f6-af7a-81814a21ab7f.htm">Docs</a></li><li><a href="d75eb659-6335-53f6-af7a-81814a21ab7f.htm">Media<wbr />Tek</a></li><li><a href="0f97bd1b-a63b-6e54-a6bb-cb2ffc3841a2.htm">Media<wbr />Tek.<wbr />view</a></li><li><a href="c7ee5a97-7f02-b4eb-8c8a-9befbfa03fd7.htm">Frm<wbr />Media<wbr />Tek</a></li><li><a href="1ee7990a-afe6-cfb0-fe4e-6b884ccb46fb.htm">Methods</a></li><li><a href="5adada65-2c2b-7d2b-cb98-603d86fb7506.htm">Dispose</a></li></breadcrumbs><tocItems><li><a id="8cdcb8ec-edba-2c57-e640-55176a769a9b" href="8cdcb8ec-edba-2c57-e640-55176a769a9b.htm">Dispose(<wbr />Boolean)</a></li></tocItems></toc>