﻿<?xml version="1.0" encoding="utf-8"?><toc><breadcrumbs><li><a href="d75eb659-6335-53f6-af7a-81814a21ab7f.htm">Docs</a></li><li><a href="d75eb659-6335-53f6-af7a-81814a21ab7f.htm">Media<wbr />Tek</a></li><li><a href="a7099810-3b54-141a-93f4-c393d87e9e88.htm">Media<wbr />Tek.<wbr />controller</a></li><li><a href="fa1380e4-e3e3-0f57-0d48-09a9a9ebf0fb.htm">Frm<wbr />Absences<wbr />Controller</a></li></breadcrumbs><tocItems><li><a id="e05c460a-8f85-8197-7a5c-2edf70a10ea3" href="e05c460a-8f85-8197-7a5c-2edf70a10ea3.htm">Constructor</a></li><li><a id="11d52f09-0bf4-50e0-642f-4b9f865cf8c9" href="11d52f09-0bf4-50e0-642f-4b9f865cf8c9.htm">Methods</a></li></tocItems></toc>