﻿<?xml version="1.0" encoding="utf-8"?><toc><breadcrumbs><li><a href="d75eb659-6335-53f6-af7a-81814a21ab7f.htm">Docs</a></li><li><a href="d75eb659-6335-53f6-af7a-81814a21ab7f.htm">Media<wbr />Tek</a></li><li><a href="daad75b9-52c8-f8d1-9036-4b0a41d506a1.htm">Media<wbr />Tek.<wbr />dal</a></li><li><a href="28b9e19d-21a5-8231-e308-bb14c0258e9f.htm">Access</a></li></breadcrumbs><tocItems><li><a id="04c87f0e-920e-dfcc-9c9a-143a95ac941b" href="04c87f0e-920e-dfcc-9c9a-143a95ac941b.htm">Constructor</a></li><li><a id="a43da388-09a3-80d0-321b-b64c0b426329" href="a43da388-09a3-80d0-321b-b64c0b426329.htm">Constructor</a></li><li><a id="52d51d9f-ad55-4349-b91b-e73942a6dffd" class="has-submenu" href="52d51d9f-ad55-4349-b91b-e73942a6dffd.htm"><span data-tocFile="../toc/IDCADA.xml" class="icon toggle" onclick="ToggleExpandCollapse(this); return false;"><i class="fa fa-angle-right"> </i></span>Properties</a><ul class="toc-menu is-hidden"> </ul></li><li><a id="fc063fa8-29ff-2f9a-de9a-91c0df61a72c" class="has-submenu" href="fc063fa8-29ff-2f9a-de9a-91c0df61a72c.htm"><span data-tocFile="../toc/IDDADA.xml" class="icon toggle" onclick="ToggleExpandCollapse(this); return false;"><i class="fa fa-angle-right"> </i></span>Methods</a><ul class="toc-menu is-hidden"> </ul></li><li><a id="2437b30d-2a5b-2dc5-a24d-c4e98b46c15e" class="has-submenu" href="2437b30d-2a5b-2dc5-a24d-c4e98b46c15e.htm"><span data-tocFile="../toc/IDEADA.xml" class="icon toggle" onclick="ToggleExpandCollapse(this); return false;"><i class="fa fa-angle-right"> </i></span>Fields</a><ul class="toc-menu is-hidden"> </ul></li></tocItems></toc>