﻿<?xml version="1.0" encoding="utf-8"?><toc><breadcrumbs><li><a href="d75eb659-6335-53f6-af7a-81814a21ab7f.htm">Docs</a></li><li><a href="d75eb659-6335-53f6-af7a-81814a21ab7f.htm">Media<wbr />Tek</a></li><li><a href="0f97bd1b-a63b-6e54-a6bb-cb2ffc3841a2.htm">Media<wbr />Tek.<wbr />view</a></li><li><a href="f7d4e5d8-4bf3-5d45-ba2c-f7626af79521.htm">frm<wbr />Absences</a></li></breadcrumbs><tocItems><li><a id="532cd483-3212-54cd-6193-dbdff5414587" href="532cd483-3212-54cd-6193-dbdff5414587.htm">Constructor</a></li><li><a id="0fd53b5a-2407-6c9a-80d7-fb797276e07d" href="0fd53b5a-2407-6c9a-80d7-fb797276e07d.htm">Properties</a></li><li><a id="669dec98-38ec-7fe3-6710-fc908c232f02" class="has-submenu" href="669dec98-38ec-7fe3-6710-fc908c232f02.htm"><span data-tocFile="../toc/IDCAFA.xml" class="icon toggle" onclick="ToggleExpandCollapse(this); return false;"><i class="fa fa-angle-right"> </i></span>Methods</a><ul class="toc-menu is-hidden"> </ul></li><li><a id="c7930feb-7106-673d-3170-b24eba1e8a5f" href="c7930feb-7106-673d-3170-b24eba1e8a5f.htm">Events</a></li><li><a id="827d34ef-0669-34d3-ceb2-8674ed6c7b30" class="has-submenu" href="827d34ef-0669-34d3-ceb2-8674ed6c7b30.htm"><span data-tocFile="../toc/IDEAFA.xml" class="icon toggle" onclick="ToggleExpandCollapse(this); return false;"><i class="fa fa-angle-right"> </i></span>Fields</a><ul class="toc-menu is-hidden"> </ul></li></tocItems></toc>