﻿<?xml version="1.0" encoding="utf-8"?><toc><breadcrumbs><li><a href="d75eb659-6335-53f6-af7a-81814a21ab7f.htm">Docs</a></li><li><a href="d75eb659-6335-53f6-af7a-81814a21ab7f.htm">Media<wbr />Tek</a></li><li><a href="0f3633c4-ec23-e213-446a-86329e24d5b3.htm">Media<wbr />Tek.<wbr />bddmanager</a></li></breadcrumbs><tocItems><li><a id="3b08b7b4-6bfa-4c27-a2dc-8e7517e48e71" class="has-submenu" href="3b08b7b4-6bfa-4c27-a2dc-8e7517e48e71.htm"><span data-tocFile="../toc/IDABA.xml" class="icon toggle" onclick="ToggleExpandCollapse(this); return false;"><i class="fa fa-angle-right"> </i></span>Bdd<wbr />Manager</a><ul class="toc-menu is-hidden"> </ul></li></tocItems></toc>