﻿<?xml version="1.0" encoding="utf-8"?><toc><breadcrumbs><li><a href="d75eb659-6335-53f6-af7a-81814a21ab7f.htm">Docs</a></li><li><a href="d75eb659-6335-53f6-af7a-81814a21ab7f.htm">Media<wbr />Tek</a></li><li><a href="0f97bd1b-a63b-6e54-a6bb-cb2ffc3841a2.htm">Media<wbr />Tek.<wbr />view</a></li><li><a href="88f65d7b-7018-d42c-0ca7-d9cce6b22cb3.htm">Frm<wbr />Authentification</a></li><li><a href="ab0da43a-af1a-3579-ed79-1a017e24bb7b.htm">Methods</a></li><li><a href="ace3e2d2-996b-a5a2-dce4-5da6e7be5aab.htm">Dispose</a></li></breadcrumbs><tocItems><li><a id="5d1ed2f8-284e-1f55-aac3-cbb8354d2560" href="5d1ed2f8-284e-1f55-aac3-cbb8354d2560.htm">Dispose(<wbr />Boolean)</a></li></tocItems></toc>