﻿<?xml version="1.0" encoding="utf-8"?><toc><breadcrumbs><li><a href="d75eb659-6335-53f6-af7a-81814a21ab7f.htm">Docs</a></li><li><a href="d75eb659-6335-53f6-af7a-81814a21ab7f.htm">Media<wbr />Tek</a></li><li><a href="daad75b9-52c8-f8d1-9036-4b0a41d506a1.htm">Media<wbr />Tek.<wbr />dal</a></li><li><a href="b4a902ce-5169-3b45-3e2d-27a9b988403e.htm">Access<wbr />Absences</a></li></breadcrumbs><tocItems><li><a id="1979f033-8d9e-4d74-f25b-47c14008d59a" href="1979f033-8d9e-4d74-f25b-47c14008d59a.htm">Constructor</a></li><li><a id="bc7f90d0-e253-b744-2370-eec295cc8540" href="bc7f90d0-e253-b744-2370-eec295cc8540.htm">Methods</a></li></tocItems></toc>