﻿<?xml version="1.0" encoding="utf-8"?><toc><breadcrumbs><li><a href="d75eb659-6335-53f6-af7a-81814a21ab7f.htm">Docs</a></li><li><a href="d75eb659-6335-53f6-af7a-81814a21ab7f.htm">Media<wbr />Tek</a></li><li><a href="a7099810-3b54-141a-93f4-c393d87e9e88.htm">Media<wbr />Tek.<wbr />controller</a></li></breadcrumbs><tocItems><li><a id="fa1380e4-e3e3-0f57-0d48-09a9a9ebf0fb" class="has-submenu" href="fa1380e4-e3e3-0f57-0d48-09a9a9ebf0fb.htm"><span data-tocFile="../toc/IDACA.xml" class="icon toggle" onclick="ToggleExpandCollapse(this); return false;"><i class="fa fa-angle-right"> </i></span>Frm<wbr />Absences<wbr />Controller</a><ul class="toc-menu is-hidden"> </ul></li><li><a id="6d80f743-c6cd-0e13-263c-57c36997fc9e" class="has-submenu" href="6d80f743-c6cd-0e13-263c-57c36997fc9e.htm"><span data-tocFile="../toc/IDBCA.xml" class="icon toggle" onclick="ToggleExpandCollapse(this); return false;"><i class="fa fa-angle-right"> </i></span>Frm<wbr />Authentification<wbr />Controller</a><ul class="toc-menu is-hidden"> </ul></li><li><a id="cf11b309-27b6-228f-2330-69d0778fffd8" class="has-submenu" href="cf11b309-27b6-228f-2330-69d0778fffd8.htm"><span data-tocFile="../toc/IDCCA.xml" class="icon toggle" onclick="ToggleExpandCollapse(this); return false;"><i class="fa fa-angle-right"> </i></span>Frm<wbr />Media<wbr />Tek<wbr />Controller</a><ul class="toc-menu is-hidden"> </ul></li></tocItems></toc>