﻿<?xml version="1.0" encoding="utf-8"?><toc><breadcrumbs><li><a href="d75eb659-6335-53f6-af7a-81814a21ab7f.htm">Docs</a></li><li><a href="d75eb659-6335-53f6-af7a-81814a21ab7f.htm">Media<wbr />Tek</a></li><li><a href="daad75b9-52c8-f8d1-9036-4b0a41d506a1.htm">Media<wbr />Tek.<wbr />dal</a></li><li><a href="28b9e19d-21a5-8231-e308-bb14c0258e9f.htm">Access</a></li><li><a href="52d51d9f-ad55-4349-b91b-e73942a6dffd.htm">Properties</a></li></breadcrumbs><tocItems><li><a id="b20b0769-7cad-e1d9-1257-b0fb557a6570" href="b20b0769-7cad-e1d9-1257-b0fb557a6570.htm">Manager</a></li></tocItems></toc>