﻿<?xml version="1.0" encoding="utf-8"?><toc><breadcrumbs><li><a href="d75eb659-6335-53f6-af7a-81814a21ab7f.htm">Docs</a></li><li><a href="d75eb659-6335-53f6-af7a-81814a21ab7f.htm">Media<wbr />Tek</a></li><li><a href="0f97bd1b-a63b-6e54-a6bb-cb2ffc3841a2.htm">Media<wbr />Tek.<wbr />view</a></li><li><a href="f7d4e5d8-4bf3-5d45-ba2c-f7626af79521.htm">frm<wbr />Absences</a></li><li><a href="669dec98-38ec-7fe3-6710-fc908c232f02.htm">Methods</a></li></breadcrumbs><tocItems><li><a id="d5d8be1e-cb37-f7bb-33d4-0dfa81eaa22b" class="has-submenu" href="d5d8be1e-cb37-f7bb-33d4-0dfa81eaa22b.htm"><span data-tocFile="../toc/IDACAFA.xml" class="icon toggle" onclick="ToggleExpandCollapse(this); return false;"><i class="fa fa-angle-right"> </i></span>Dispose</a><ul class="toc-menu is-hidden"> </ul></li><li><a id="07367973-c1d5-2ce4-e2c2-2a909603f925" href="07367973-c1d5-2ce4-e2c2-2a909603f925.htm">Initialize<wbr />Component</a></li></tocItems></toc>