﻿<?xml version="1.0" encoding="utf-8"?><toc><breadcrumbs><li><a href="d75eb659-6335-53f6-af7a-81814a21ab7f.htm">Docs</a></li><li><a href="d75eb659-6335-53f6-af7a-81814a21ab7f.htm">Media<wbr />Tek</a></li><li><a href="0f97bd1b-a63b-6e54-a6bb-cb2ffc3841a2.htm">Media<wbr />Tek.<wbr />view</a></li><li><a href="88f65d7b-7018-d42c-0ca7-d9cce6b22cb3.htm">Frm<wbr />Authentification</a></li><li><a href="ab0da43a-af1a-3579-ed79-1a017e24bb7b.htm">Methods</a></li></breadcrumbs><tocItems><li><a id="876819eb-4208-752b-a46f-d75f1c8b5676" href="876819eb-4208-752b-a46f-d75f1c8b5676.htm">btn<wbr />Connect_<wbr />Click</a></li><li><a id="ace3e2d2-996b-a5a2-dce4-5da6e7be5aab" class="has-submenu" href="ace3e2d2-996b-a5a2-dce4-5da6e7be5aab.htm"><span data-tocFile="../toc/IDBCBFA.xml" class="icon toggle" onclick="ToggleExpandCollapse(this); return false;"><i class="fa fa-angle-right"> </i></span>Dispose</a><ul class="toc-menu is-hidden"> </ul></li><li><a id="351b003d-d9b0-2e1b-694a-f1ce93b21f95" href="351b003d-d9b0-2e1b-694a-f1ce93b21f95.htm">Initialize<wbr />Component</a></li><li><a id="a9531266-0978-c8a5-907a-cecadebd3a73" href="a9531266-0978-c8a5-907a-cecadebd3a73.htm">label<wbr />2_<wbr />Click</a></li></tocItems></toc>