﻿<?xml version="1.0" encoding="utf-8"?><toc><breadcrumbs><li><a href="d75eb659-6335-53f6-af7a-81814a21ab7f.htm">Docs</a></li><li><a href="d75eb659-6335-53f6-af7a-81814a21ab7f.htm">Media<wbr />Tek</a></li><li><a href="a7099810-3b54-141a-93f4-c393d87e9e88.htm">Media<wbr />Tek.<wbr />controller</a></li><li><a href="cf11b309-27b6-228f-2330-69d0778fffd8.htm">Frm<wbr />Media<wbr />Tek<wbr />Controller</a></li></breadcrumbs><tocItems><li><a id="efa8c189-576a-9d31-1fa1-c89189cc1be9" href="efa8c189-576a-9d31-1fa1-c89189cc1be9.htm">Constructor</a></li><li><a id="26b298c7-a341-ebbe-2e77-9cfa138bc1ff" href="26b298c7-a341-ebbe-2e77-9cfa138bc1ff.htm">Methods</a></li></tocItems></toc>