﻿<?xml version="1.0" encoding="utf-8"?><toc><breadcrumbs><li><a href="d75eb659-6335-53f6-af7a-81814a21ab7f.htm">Docs</a></li><li><a href="d75eb659-6335-53f6-af7a-81814a21ab7f.htm">Media<wbr />Tek</a></li><li><a href="0f97bd1b-a63b-6e54-a6bb-cb2ffc3841a2.htm">Media<wbr />Tek.<wbr />view</a></li><li><a href="c7ee5a97-7f02-b4eb-8c8a-9befbfa03fd7.htm">Frm<wbr />Media<wbr />Tek</a></li><li><a href="1ee7990a-afe6-cfb0-fe4e-6b884ccb46fb.htm">Methods</a></li></breadcrumbs><tocItems><li><a id="5adada65-2c2b-7d2b-cb98-603d86fb7506" class="has-submenu" href="5adada65-2c2b-7d2b-cb98-603d86fb7506.htm"><span data-tocFile="../toc/IDACCFA.xml" class="icon toggle" onclick="ToggleExpandCollapse(this); return false;"><i class="fa fa-angle-right"> </i></span>Dispose</a><ul class="toc-menu is-hidden"> </ul></li><li><a id="4d35d2b2-c20f-631e-67e7-408d82602479" href="4d35d2b2-c20f-631e-67e7-408d82602479.htm">Initialize<wbr />Component</a></li></tocItems></toc>