﻿<?xml version="1.0" encoding="utf-8"?><toc><breadcrumbs><li><a href="d75eb659-6335-53f6-af7a-81814a21ab7f.htm">Docs</a></li><li><a href="d75eb659-6335-53f6-af7a-81814a21ab7f.htm">Media<wbr />Tek</a></li><li><a href="daad75b9-52c8-f8d1-9036-4b0a41d506a1.htm">Media<wbr />Tek.<wbr />dal</a></li><li><a href="06989c2b-df35-d887-8854-78d977b1ea87.htm">Access<wbr />Personnel</a></li></breadcrumbs><tocItems><li><a id="4cacd9b3-d037-5055-63f3-8180ee8bc447" href="4cacd9b3-d037-5055-63f3-8180ee8bc447.htm">Constructor</a></li><li><a id="e0474abf-04c1-9d6b-d578-877e740e5768" href="e0474abf-04c1-9d6b-d578-877e740e5768.htm">Methods</a></li></tocItems></toc>