﻿<?xml version="1.0" encoding="utf-8"?><toc><breadcrumbs><li><a href="d75eb659-6335-53f6-af7a-81814a21ab7f.htm">Docs</a></li><li><a href="d75eb659-6335-53f6-af7a-81814a21ab7f.htm">Media<wbr />Tek</a></li><li><a href="21e159bd-ba50-108a-cd4a-be2bd895667f.htm">Media<wbr />Tek.<wbr />model</a></li><li><a href="2005cd8c-ccb5-63d7-6c32-cbb3550a5026.htm">Responsable</a></li></breadcrumbs><tocItems><li><a id="9f6f3b11-168b-44ae-85b0-d3fb4d7b0d45" href="9f6f3b11-168b-44ae-85b0-d3fb4d7b0d45.htm">Constructor</a></li><li><a id="5ac56a4c-ada3-4e5e-b1cd-6d33cb90f70a" href="5ac56a4c-ada3-4e5e-b1cd-6d33cb90f70a.htm">Methods</a></li></tocItems></toc>