﻿<?xml version="1.0" encoding="utf-8"?><toc><breadcrumbs><li><a href="d75eb659-6335-53f6-af7a-81814a21ab7f.htm">Docs</a></li><li><a href="d75eb659-6335-53f6-af7a-81814a21ab7f.htm">Media<wbr />Tek</a></li><li><a href="daad75b9-52c8-f8d1-9036-4b0a41d506a1.htm">Media<wbr />Tek.<wbr />dal</a></li><li><a href="28b9e19d-21a5-8231-e308-bb14c0258e9f.htm">Access</a></li><li><a href="fc063fa8-29ff-2f9a-de9a-91c0df61a72c.htm">Methods</a></li></breadcrumbs><tocItems><li><a id="06f556c0-fde5-0118-430f-c3c1f3384c56" href="06f556c0-fde5-0118-430f-c3c1f3384c56.htm">Get<wbr />Instance</a></li></tocItems></toc>