﻿<?xml version="1.0" encoding="utf-8"?><toc><breadcrumbs><li><a href="d75eb659-6335-53f6-af7a-81814a21ab7f.htm">Docs</a></li><li><a href="d75eb659-6335-53f6-af7a-81814a21ab7f.htm">Media<wbr />Tek</a></li><li><a href="daad75b9-52c8-f8d1-9036-4b0a41d506a1.htm">Media<wbr />Tek.<wbr />dal</a></li></breadcrumbs><tocItems><li><a id="28b9e19d-21a5-8231-e308-bb14c0258e9f" class="has-submenu" href="28b9e19d-21a5-8231-e308-bb14c0258e9f.htm"><span data-tocFile="../toc/IDADA.xml" class="icon toggle" onclick="ToggleExpandCollapse(this); return false;"><i class="fa fa-angle-right"> </i></span>Access</a><ul class="toc-menu is-hidden"> </ul></li><li><a id="b4a902ce-5169-3b45-3e2d-27a9b988403e" class="has-submenu" href="b4a902ce-5169-3b45-3e2d-27a9b988403e.htm"><span data-tocFile="../toc/IDBDA.xml" class="icon toggle" onclick="ToggleExpandCollapse(this); return false;"><i class="fa fa-angle-right"> </i></span>Access<wbr />Absences</a><ul class="toc-menu is-hidden"> </ul></li><li><a id="06989c2b-df35-d887-8854-78d977b1ea87" class="has-submenu" href="06989c2b-df35-d887-8854-78d977b1ea87.htm"><span data-tocFile="../toc/IDCDA.xml" class="icon toggle" onclick="ToggleExpandCollapse(this); return false;"><i class="fa fa-angle-right"> </i></span>Access<wbr />Personnel</a><ul class="toc-menu is-hidden"> </ul></li></tocItems></toc>