﻿<?xml version="1.0" encoding="utf-8"?><toc><breadcrumbs><li><a href="d75eb659-6335-53f6-af7a-81814a21ab7f.htm">Docs</a></li><li><a href="d75eb659-6335-53f6-af7a-81814a21ab7f.htm">Media<wbr />Tek</a></li><li><a href="0f97bd1b-a63b-6e54-a6bb-cb2ffc3841a2.htm">Media<wbr />Tek.<wbr />view</a></li><li><a href="f7d4e5d8-4bf3-5d45-ba2c-f7626af79521.htm">frm<wbr />Absences</a></li><li><a href="827d34ef-0669-34d3-ceb2-8674ed6c7b30.htm">Fields</a></li></breadcrumbs><tocItems><li><a id="b582ed11-4997-b163-3009-fab277a41160" href="b582ed11-4997-b163-3009-fab277a41160.htm">btn<wbr />Annul<wbr />Absence</a></li><li><a id="3a0755ec-95f9-7cb0-b47e-00923d2b4c06" href="3a0755ec-95f9-7cb0-b47e-00923d2b4c06.htm">btn<wbr />Enreg<wbr />Absence</a></li><li><a id="a7eb58e6-6970-1880-710f-d73b54e2610b" href="a7eb58e6-6970-1880-710f-d73b54e2610b.htm">btn<wbr />Modif<wbr />Absences</a></li><li><a id="1fd440ed-798c-d2b1-c8b4-3790a6447ebd" href="1fd440ed-798c-d2b1-c8b4-3790a6447ebd.htm">btn<wbr />Supp<wbr />Absences</a></li><li><a id="10723636-ad23-7b1c-d3c6-a30afb9edc74" href="10723636-ad23-7b1c-d3c6-a30afb9edc74.htm">button<wbr />1</a></li><li><a id="e8d9c5b5-6067-f353-75c4-094956db6be3" href="e8d9c5b5-6067-f353-75c4-094956db6be3.htm">components</a></li><li><a id="40cba61e-6071-dd2e-688a-030f9438880b" href="40cba61e-6071-dd2e-688a-030f9438880b.htm">dgv<wbr />Absences</a></li><li><a id="1a002fbf-ee04-7c02-02b7-c3db001f9430" href="1a002fbf-ee04-7c02-02b7-c3db001f9430.htm">dtp<wbr />Debut</a></li><li><a id="2d307ca0-3ece-182c-87a6-cfee760ad558" href="2d307ca0-3ece-182c-87a6-cfee760ad558.htm">dtp<wbr />Fin</a></li><li><a id="4c173c59-71c2-67cf-f525-dbb870215b58" href="4c173c59-71c2-67cf-f525-dbb870215b58.htm">grb<wbr />Absences</a></li><li><a id="18b330eb-1b3c-798e-7fe2-8e2c0d7bdc19" href="18b330eb-1b3c-798e-7fe2-8e2c0d7bdc19.htm">grb<wbr />Add<wbr />Absences</a></li><li><a id="f507f509-829d-56d4-befe-6d6c26b02fcc" href="f507f509-829d-56d4-befe-6d6c26b02fcc.htm">Label<wbr />1</a></li><li><a id="d17f7949-e3b7-1aad-bbb9-318238db649d" href="d17f7949-e3b7-1aad-bbb9-318238db649d.htm">label<wbr />2</a></li><li><a id="b8401302-3ce7-b245-f8a5-5c02896da5fa" href="b8401302-3ce7-b245-f8a5-5c02896da5fa.htm">label<wbr />3</a></li><li><a id="199ff9a8-7a45-ee57-7561-09f2f6c00ad0" href="199ff9a8-7a45-ee57-7561-09f2f6c00ad0.htm">label<wbr />4</a></li><li><a id="6446616a-82a4-3ccb-1b7f-e74a93d69e46" href="6446616a-82a4-3ccb-1b7f-e74a93d69e46.htm">label<wbr />5</a></li><li><a id="b80756e2-7196-47d1-90b1-75ba70e52956" href="b80756e2-7196-47d1-90b1-75ba70e52956.htm">txt<wbr />Motif</a></li><li><a id="a5a6798d-b129-f518-cb0c-9e841e9e3ea8" href="a5a6798d-b129-f518-cb0c-9e841e9e3ea8.htm">txt<wbr />Nom</a></li><li><a id="a03283ec-69c3-78f0-0f2b-5a81888955b9" href="a03283ec-69c3-78f0-0f2b-5a81888955b9.htm">txt<wbr />Prenom</a></li></tocItems></toc>