﻿<?xml version="1.0" encoding="utf-8"?><toc><breadcrumbs><li><a href="d75eb659-6335-53f6-af7a-81814a21ab7f.htm">Docs</a></li><li><a href="d75eb659-6335-53f6-af7a-81814a21ab7f.htm">Media<wbr />Tek</a></li><li><a href="0f97bd1b-a63b-6e54-a6bb-cb2ffc3841a2.htm">Media<wbr />Tek.<wbr />view</a></li></breadcrumbs><tocItems><li><a id="f7d4e5d8-4bf3-5d45-ba2c-f7626af79521" class="has-submenu" href="f7d4e5d8-4bf3-5d45-ba2c-f7626af79521.htm"><span data-tocFile="../toc/IDAFA.xml" class="icon toggle" onclick="ToggleExpandCollapse(this); return false;"><i class="fa fa-angle-right"> </i></span>frm<wbr />Absences</a><ul class="toc-menu is-hidden"> </ul></li><li><a id="88f65d7b-7018-d42c-0ca7-d9cce6b22cb3" class="has-submenu" href="88f65d7b-7018-d42c-0ca7-d9cce6b22cb3.htm"><span data-tocFile="../toc/IDBFA.xml" class="icon toggle" onclick="ToggleExpandCollapse(this); return false;"><i class="fa fa-angle-right"> </i></span>Frm<wbr />Authentification</a><ul class="toc-menu is-hidden"> </ul></li><li><a id="c7ee5a97-7f02-b4eb-8c8a-9befbfa03fd7" class="has-submenu" href="c7ee5a97-7f02-b4eb-8c8a-9befbfa03fd7.htm"><span data-tocFile="../toc/IDCFA.xml" class="icon toggle" onclick="ToggleExpandCollapse(this); return false;"><i class="fa fa-angle-right"> </i></span>Frm<wbr />Media<wbr />Tek</a><ul class="toc-menu is-hidden"> </ul></li></tocItems></toc>