﻿<?xml version="1.0" encoding="utf-8"?><toc><breadcrumbs><li><a href="d75eb659-6335-53f6-af7a-81814a21ab7f.htm">Docs</a></li><li><a href="d75eb659-6335-53f6-af7a-81814a21ab7f.htm">Media<wbr />Tek</a></li></breadcrumbs><tocItems><li><a id="e267aefd-275b-9ba1-d8ed-82d9dc731696" class="has-submenu" href="e267aefd-275b-9ba1-d8ed-82d9dc731696.htm"><span data-tocFile="../toc/IDAA.xml" class="icon toggle" onclick="ToggleExpandCollapse(this); return false;"><i class="fa fa-angle-right"> </i></span>Media<wbr />Tek</a><ul class="toc-menu is-hidden"> </ul></li><li><a id="0f3633c4-ec23-e213-446a-86329e24d5b3" class="has-submenu" href="0f3633c4-ec23-e213-446a-86329e24d5b3.htm"><span data-tocFile="../toc/IDBA.xml" class="icon toggle" onclick="ToggleExpandCollapse(this); return false;"><i class="fa fa-angle-right"> </i></span>Media<wbr />Tek.<wbr />bddmanager</a><ul class="toc-menu is-hidden"> </ul></li><li><a id="a7099810-3b54-141a-93f4-c393d87e9e88" class="has-submenu" href="a7099810-3b54-141a-93f4-c393d87e9e88.htm"><span data-tocFile="../toc/IDCA.xml" class="icon toggle" onclick="ToggleExpandCollapse(this); return false;"><i class="fa fa-angle-right"> </i></span>Media<wbr />Tek.<wbr />controller</a><ul class="toc-menu is-hidden"> </ul></li><li><a id="daad75b9-52c8-f8d1-9036-4b0a41d506a1" class="has-submenu" href="daad75b9-52c8-f8d1-9036-4b0a41d506a1.htm"><span data-tocFile="../toc/IDDA.xml" class="icon toggle" onclick="ToggleExpandCollapse(this); return false;"><i class="fa fa-angle-right"> </i></span>Media<wbr />Tek.<wbr />dal</a><ul class="toc-menu is-hidden"> </ul></li><li><a id="21e159bd-ba50-108a-cd4a-be2bd895667f" class="has-submenu" href="21e159bd-ba50-108a-cd4a-be2bd895667f.htm"><span data-tocFile="../toc/IDEA.xml" class="icon toggle" onclick="ToggleExpandCollapse(this); return false;"><i class="fa fa-angle-right"> </i></span>Media<wbr />Tek.<wbr />model</a><ul class="toc-menu is-hidden"> </ul></li><li><a id="0f97bd1b-a63b-6e54-a6bb-cb2ffc3841a2" class="has-submenu" href="0f97bd1b-a63b-6e54-a6bb-cb2ffc3841a2.htm"><span data-tocFile="../toc/IDFA.xml" class="icon toggle" onclick="ToggleExpandCollapse(this); return false;"><i class="fa fa-angle-right"> </i></span>Media<wbr />Tek.<wbr />view</a><ul class="toc-menu is-hidden"> </ul></li></tocItems></toc>