﻿<?xml version="1.0" encoding="utf-8"?><toc><breadcrumbs><li><a href="d75eb659-6335-53f6-af7a-81814a21ab7f.htm">Docs</a></li><li><a href="d75eb659-6335-53f6-af7a-81814a21ab7f.htm">Media<wbr />Tek</a></li><li><a href="e267aefd-275b-9ba1-d8ed-82d9dc731696.htm">Media<wbr />Tek</a></li></breadcrumbs><tocItems><li><a id="90890aa7-8dc0-5d8f-b62c-502f8e3ffc85" class="has-submenu" href="90890aa7-8dc0-5d8f-b62c-502f8e3ffc85.htm"><span data-tocFile="../toc/IDAAA.xml" class="icon toggle" onclick="ToggleExpandCollapse(this); return false;"><i class="fa fa-angle-right"> </i></span>Namespace<wbr />Doc</a><ul class="toc-menu is-hidden"> </ul></li><li><a id="36288611-96e0-b858-b271-df51198b4c41" class="has-submenu" href="36288611-96e0-b858-b271-df51198b4c41.htm"><span data-tocFile="../toc/IDBAA.xml" class="icon toggle" onclick="ToggleExpandCollapse(this); return false;"><i class="fa fa-angle-right"> </i></span>Program</a><ul class="toc-menu is-hidden"> </ul></li></tocItems></toc>