﻿<?xml version="1.0" encoding="utf-8"?><toc><breadcrumbs><li><a href="d75eb659-6335-53f6-af7a-81814a21ab7f.htm">Docs</a></li><li><a href="d75eb659-6335-53f6-af7a-81814a21ab7f.htm">Media<wbr />Tek</a></li><li><a href="0f3633c4-ec23-e213-446a-86329e24d5b3.htm">Media<wbr />Tek.<wbr />bddmanager</a></li><li><a href="3b08b7b4-6bfa-4c27-a2dc-8e7517e48e71.htm">Bdd<wbr />Manager</a></li></breadcrumbs><tocItems><li><a id="c9d3d67e-cb12-0cfd-e15a-9a428f394500" href="c9d3d67e-cb12-0cfd-e15a-9a428f394500.htm">Constructor</a></li><li><a id="7d7d3ce1-3152-79cd-b2f3-7c993daca3a4" class="has-submenu" href="7d7d3ce1-3152-79cd-b2f3-7c993daca3a4.htm"><span data-tocFile="../toc/IDBABA.xml" class="icon toggle" onclick="ToggleExpandCollapse(this); return false;"><i class="fa fa-angle-right"> </i></span>Methods</a><ul class="toc-menu is-hidden"> </ul></li><li><a id="25e1cd3c-1581-c6aa-d44d-1a79c317c470" class="has-submenu" href="25e1cd3c-1581-c6aa-d44d-1a79c317c470.htm"><span data-tocFile="../toc/IDCABA.xml" class="icon toggle" onclick="ToggleExpandCollapse(this); return false;"><i class="fa fa-angle-right"> </i></span>Fields</a><ul class="toc-menu is-hidden"> </ul></li></tocItems></toc>