﻿<?xml version="1.0" encoding="utf-8"?><toc><breadcrumbs><li><a href="d75eb659-6335-53f6-af7a-81814a21ab7f.htm">Docs</a></li><li><a href="d75eb659-6335-53f6-af7a-81814a21ab7f.htm">Media<wbr />Tek</a></li><li><a href="21e159bd-ba50-108a-cd4a-be2bd895667f.htm">Media<wbr />Tek.<wbr />model</a></li><li><a href="7787c461-0161-c050-2857-9583b8f9a1f8.htm">Absences</a></li></breadcrumbs><tocItems><li><a id="d03ecae7-9157-42cd-78c9-40edf244ea3f" href="d03ecae7-9157-42cd-78c9-40edf244ea3f.htm">Constructor</a></li><li><a id="f5c7923a-18d8-7246-4752-664ae2d907a4" class="has-submenu" href="f5c7923a-18d8-7246-4752-664ae2d907a4.htm"><span data-tocFile="../toc/IDBAEA.xml" class="icon toggle" onclick="ToggleExpandCollapse(this); return false;"><i class="fa fa-angle-right"> </i></span>Properties</a><ul class="toc-menu is-hidden"> </ul></li><li><a id="bc00f05d-25e0-61b1-71bb-8e4f5874126a" href="bc00f05d-25e0-61b1-71bb-8e4f5874126a.htm">Methods</a></li></tocItems></toc>