﻿<?xml version="1.0" encoding="utf-8"?><toc><breadcrumbs><li><a href="d75eb659-6335-53f6-af7a-81814a21ab7f.htm">Docs</a></li><li><a href="d75eb659-6335-53f6-af7a-81814a21ab7f.htm">Media<wbr />Tek</a></li><li><a href="0f97bd1b-a63b-6e54-a6bb-cb2ffc3841a2.htm">Media<wbr />Tek.<wbr />view</a></li><li><a href="e58e92b8-1040-9fbe-9657-26dd9edb2a35.htm">Frm<wbr />Absences</a></li></breadcrumbs><tocItems><li><a id="b2f6749d-68b7-5f35-a19f-41531b7ef426" href="b2f6749d-68b7-5f35-a19f-41531b7ef426.htm">Constructor</a></li><li><a id="30b7736e-ebf5-4478-be8b-e9da39410bc5" href="30b7736e-ebf5-4478-be8b-e9da39410bc5.htm">Properties</a></li><li><a id="f4bfd4ee-e319-8dce-f35d-78c5631b8d41" class="has-submenu" href="f4bfd4ee-e319-8dce-f35d-78c5631b8d41.htm"><span data-tocFile="../toc/IDCAFA.xml" class="icon toggle" onclick="ToggleExpandCollapse(this); return false;"><i class="fa fa-angle-right"> </i></span>Methods</a><ul class="toc-menu is-hidden"> </ul></li><li><a id="0ca74bc7-f779-f200-eb20-246d77540c06" href="0ca74bc7-f779-f200-eb20-246d77540c06.htm">Events</a></li><li><a id="ac41a279-24c1-c41b-b9c6-22478ca7597b" class="has-submenu" href="ac41a279-24c1-c41b-b9c6-22478ca7597b.htm"><span data-tocFile="../toc/IDEAFA.xml" class="icon toggle" onclick="ToggleExpandCollapse(this); return false;"><i class="fa fa-angle-right"> </i></span>Fields</a><ul class="toc-menu is-hidden"> </ul></li></tocItems></toc>