﻿<?xml version="1.0" encoding="utf-8"?><toc><breadcrumbs><li><a href="d75eb659-6335-53f6-af7a-81814a21ab7f.htm">Docs</a></li><li><a href="d75eb659-6335-53f6-af7a-81814a21ab7f.htm">Media<wbr />Tek</a></li><li><a href="a7099810-3b54-141a-93f4-c393d87e9e88.htm">Media<wbr />Tek.<wbr />controller</a></li><li><a href="fa1380e4-e3e3-0f57-0d48-09a9a9ebf0fb.htm">Frm<wbr />Absences<wbr />Controller</a></li><li><a href="11d52f09-0bf4-50e0-642f-4b9f865cf8c9.htm">Methods</a></li></breadcrumbs><tocItems><li><a id="ffc0a155-7966-f960-0941-56e2c6e5aa13" href="ffc0a155-7966-f960-0941-56e2c6e5aa13.htm">Add<wbr />Absence</a></li><li><a id="81b43053-8a67-dcc6-80eb-dcaf1ac69d9f" href="81b43053-8a67-dcc6-80eb-dcaf1ac69d9f.htm">Del<wbr />Absence</a></li><li><a id="3f800855-3e9c-b18d-f0bc-e790dc3cea30" href="3f800855-3e9c-b18d-f0bc-e790dc3cea30.htm">Get<wbr />Les<wbr />Absences</a></li><li><a id="e66d4a69-1f37-eaec-a051-9e3733736163" href="e66d4a69-1f37-eaec-a051-9e3733736163.htm">Get<wbr />Les<wbr />Motifs</a></li><li><a id="f628629e-0548-a7b6-8fa7-d99dd500abc8" href="f628629e-0548-a7b6-8fa7-d99dd500abc8.htm">Update<wbr />Absence</a></li></tocItems></toc>