﻿<?xml version="1.0" encoding="utf-8"?><toc><breadcrumbs><li><a href="d75eb659-6335-53f6-af7a-81814a21ab7f.htm">Docs</a></li><li><a href="d75eb659-6335-53f6-af7a-81814a21ab7f.htm">Media<wbr />Tek</a></li><li><a href="e267aefd-275b-9ba1-d8ed-82d9dc731696.htm">Media<wbr />Tek</a></li><li><a href="36288611-96e0-b858-b271-df51198b4c41.htm">Program</a></li></breadcrumbs><tocItems><li><a id="0b3a8168-303f-a05b-6711-859bd5667636" class="has-submenu" href="0b3a8168-303f-a05b-6711-859bd5667636.htm"><span data-tocFile="../toc/IDABAA.xml" class="icon toggle" onclick="ToggleExpandCollapse(this); return false;"><i class="fa fa-angle-right"> </i></span>Methods</a><ul class="toc-menu is-hidden"> </ul></li></tocItems></toc>