﻿<?xml version="1.0" encoding="utf-8"?><toc><breadcrumbs><li><a href="d75eb659-6335-53f6-af7a-81814a21ab7f.htm">Docs</a></li><li><a href="d75eb659-6335-53f6-af7a-81814a21ab7f.htm">Media<wbr />Tek</a></li><li><a href="0f3633c4-ec23-e213-446a-86329e24d5b3.htm">Media<wbr />Tek.<wbr />bddmanager</a></li><li><a href="3b08b7b4-6bfa-4c27-a2dc-8e7517e48e71.htm">Bdd<wbr />Manager</a></li><li><a href="7d7d3ce1-3152-79cd-b2f3-7c993daca3a4.htm">Methods</a></li></breadcrumbs><tocItems><li><a id="3f67be8d-a290-6622-fb7b-ed2db0300def" href="3f67be8d-a290-6622-fb7b-ed2db0300def.htm">Get<wbr />Instance</a></li><li><a id="0be13c42-347b-3a60-bc21-6b0a2c251c7d" href="0be13c42-347b-3a60-bc21-6b0a2c251c7d.htm">Req<wbr />Select</a></li><li><a id="2d49a293-7963-a918-b38b-b60049940cfe" href="2d49a293-7963-a918-b38b-b60049940cfe.htm">Req<wbr />Update</a></li></tocItems></toc>