﻿<?xml version="1.0" encoding="utf-8"?><toc><breadcrumbs><li><a href="d75eb659-6335-53f6-af7a-81814a21ab7f.htm">Docs</a></li><li><a href="d75eb659-6335-53f6-af7a-81814a21ab7f.htm">Media<wbr />Tek</a></li><li><a href="21e159bd-ba50-108a-cd4a-be2bd895667f.htm">Media<wbr />Tek.<wbr />model</a></li><li><a href="7787c461-0161-c050-2857-9583b8f9a1f8.htm">Absences</a></li><li><a href="f5c7923a-18d8-7246-4752-664ae2d907a4.htm">Properties</a></li></breadcrumbs><tocItems><li><a id="074384aa-8baa-5e8e-b375-4576cf9eeaf7" href="074384aa-8baa-5e8e-b375-4576cf9eeaf7.htm">Datedebut</a></li><li><a id="383beafd-2201-6680-f3a7-4dbbdce8eb2f" href="383beafd-2201-6680-f3a7-4dbbdce8eb2f.htm">Datefin</a></li><li><a id="bf143175-1d7b-9b5c-f13c-74d8e710ade7" href="bf143175-1d7b-9b5c-f13c-74d8e710ade7.htm">Motif</a></li><li><a id="a42cf6dd-3b4d-c015-27ff-66253761c478" href="a42cf6dd-3b4d-c015-27ff-66253761c478.htm">Personnel</a></li><li><a id="da0d28f0-7095-6ba3-efab-fe2c12004fed" href="da0d28f0-7095-6ba3-efab-fe2c12004fed.htm">Personnel<wbr />Id</a></li></tocItems></toc>