﻿<?xml version="1.0" encoding="utf-8"?><toc><breadcrumbs><li><a href="d75eb659-6335-53f6-af7a-81814a21ab7f.htm">Docs</a></li><li><a href="d75eb659-6335-53f6-af7a-81814a21ab7f.htm">Media<wbr />Tek</a></li><li><a href="21e159bd-ba50-108a-cd4a-be2bd895667f.htm">Media<wbr />Tek.<wbr />model</a></li><li><a href="7a120975-33c4-a7d9-10f6-5e726f429c86.htm">Motif</a></li><li><a href="5559b3fd-ed1a-c736-6cf2-518e028091d8.htm">Properties</a></li></breadcrumbs><tocItems><li><a id="f2150630-8b67-1d67-712f-71bc8ec4b5f5" href="f2150630-8b67-1d67-712f-71bc8ec4b5f5.htm">Idmotif</a></li><li><a id="70c50f5f-3a8e-8d19-a60c-0f5dc66b00b9" href="70c50f5f-3a8e-8d19-a60c-0f5dc66b00b9.htm">Libelle</a></li></tocItems></toc>