﻿<?xml version="1.0" encoding="utf-8"?><toc><breadcrumbs><li><a href="d75eb659-6335-53f6-af7a-81814a21ab7f.htm">Docs</a></li><li><a href="d75eb659-6335-53f6-af7a-81814a21ab7f.htm">Media<wbr />Tek</a></li><li><a href="daad75b9-52c8-f8d1-9036-4b0a41d506a1.htm">Media<wbr />Tek.<wbr />dal</a></li><li><a href="b4a902ce-5169-3b45-3e2d-27a9b988403e.htm">Access<wbr />Absences</a></li><li><a href="bc7f90d0-e253-b744-2370-eec295cc8540.htm">Methods</a></li></breadcrumbs><tocItems><li><a id="daa0873c-c81e-2759-0bdb-1c2843c146af" href="daa0873c-c81e-2759-0bdb-1c2843c146af.htm">Add<wbr />Absence</a></li><li><a id="25101ae9-225c-a0cd-ef2c-49e3324e5818" href="25101ae9-225c-a0cd-ef2c-49e3324e5818.htm">Del<wbr />Absence</a></li><li><a id="db155856-7427-e12a-32f2-c9872018d885" href="db155856-7427-e12a-32f2-c9872018d885.htm">Get<wbr />Les<wbr />Absences</a></li><li><a id="1de5db14-6353-438e-339c-ac580da9bd34" href="1de5db14-6353-438e-339c-ac580da9bd34.htm">Update<wbr />Absence</a></li></tocItems></toc>