﻿<?xml version="1.0" encoding="utf-8"?><toc><breadcrumbs><li><a href="d75eb659-6335-53f6-af7a-81814a21ab7f.htm">Docs</a></li><li><a href="d75eb659-6335-53f6-af7a-81814a21ab7f.htm">Media<wbr />Tek</a></li><li><a href="a7099810-3b54-141a-93f4-c393d87e9e88.htm">Media<wbr />Tek.<wbr />controller</a></li><li><a href="6d80f743-c6cd-0e13-263c-57c36997fc9e.htm">Frm<wbr />Authentification<wbr />Controller</a></li></breadcrumbs><tocItems><li><a id="1c2eac65-69d5-ff5c-48d3-6e03a5528344" href="1c2eac65-69d5-ff5c-48d3-6e03a5528344.htm">Constructor</a></li><li><a id="076e5b64-dc7b-3db9-ccf3-abf3139ea865" class="has-submenu" href="076e5b64-dc7b-3db9-ccf3-abf3139ea865.htm"><span data-tocFile="../toc/IDBBCA.xml" class="icon toggle" onclick="ToggleExpandCollapse(this); return false;"><i class="fa fa-angle-right"> </i></span>Methods</a><ul class="toc-menu is-hidden"> </ul></li><li><a id="f28ba9b8-4f3f-5aec-6a42-3688bde935ed" class="has-submenu" href="f28ba9b8-4f3f-5aec-6a42-3688bde935ed.htm"><span data-tocFile="../toc/IDCBCA.xml" class="icon toggle" onclick="ToggleExpandCollapse(this); return false;"><i class="fa fa-angle-right"> </i></span>Fields</a><ul class="toc-menu is-hidden"> </ul></li></tocItems></toc>