﻿<?xml version="1.0" encoding="utf-8"?><toc><breadcrumbs><li><a href="d75eb659-6335-53f6-af7a-81814a21ab7f.htm">Docs</a></li><li><a href="d75eb659-6335-53f6-af7a-81814a21ab7f.htm">Media<wbr />Tek</a></li><li><a href="a7099810-3b54-141a-93f4-c393d87e9e88.htm">Media<wbr />Tek.<wbr />controller</a></li><li><a href="cf11b309-27b6-228f-2330-69d0778fffd8.htm">Frm<wbr />Media<wbr />Tek<wbr />Controller</a></li><li><a href="26b298c7-a341-ebbe-2e77-9cfa138bc1ff.htm">Methods</a></li></breadcrumbs><tocItems><li><a id="ef414b79-b6cb-1a12-d059-527328d5e22f" href="ef414b79-b6cb-1a12-d059-527328d5e22f.htm">Add<wbr />Personnel</a></li><li><a id="51a727af-7a39-04a9-d91c-4dd63e5b32f0" href="51a727af-7a39-04a9-d91c-4dd63e5b32f0.htm">Del<wbr />Personnel</a></li><li><a id="d2315466-89e6-3e81-1bb6-1c4ba66ca855" href="d2315466-89e6-3e81-1bb6-1c4ba66ca855.htm">Get<wbr />Le<wbr />Personnel</a></li><li><a id="d1d12ad3-d476-4eaf-510c-3272fdc0213d" href="d1d12ad3-d476-4eaf-510c-3272fdc0213d.htm">Get<wbr />Les<wbr />Services</a></li><li><a id="3d151c6d-54a3-b755-bafd-913cafae6698" href="3d151c6d-54a3-b755-bafd-913cafae6698.htm">Update<wbr />Personnel</a></li></tocItems></toc>