﻿<?xml version="1.0" encoding="utf-8"?><toc><breadcrumbs><li><a href="d75eb659-6335-53f6-af7a-81814a21ab7f.htm">Docs</a></li><li><a href="d75eb659-6335-53f6-af7a-81814a21ab7f.htm">Media<wbr />Tek</a></li><li><a href="21e159bd-ba50-108a-cd4a-be2bd895667f.htm">Media<wbr />Tek.<wbr />model</a></li><li><a href="69bc5100-d23a-a521-62f4-208cb892feda.htm">Personnel</a></li><li><a href="482a352c-ffc9-922d-728f-c60d203cc834.htm">Properties</a></li></breadcrumbs><tocItems><li><a id="84c39539-e5f9-45fe-f64c-f059e1b1d2d2" href="84c39539-e5f9-45fe-f64c-f059e1b1d2d2.htm">Id<wbr />Personnel</a></li><li><a id="9953feaa-9cbb-99fc-f12d-8a53937e107e" href="9953feaa-9cbb-99fc-f12d-8a53937e107e.htm">Mail</a></li><li><a id="72e71fde-f33c-6d7a-e898-16ebf0e77882" href="72e71fde-f33c-6d7a-e898-16ebf0e77882.htm">Nom</a></li><li><a id="a4517345-5b61-d3a9-1b38-16f73bc56e2d" href="a4517345-5b61-d3a9-1b38-16f73bc56e2d.htm">Prenom</a></li><li><a id="0e63f4bc-7bbc-9cdd-7aed-71cbf53c1e3e" href="0e63f4bc-7bbc-9cdd-7aed-71cbf53c1e3e.htm">Service</a></li><li><a id="a7eb6b72-f5f5-71dd-d946-df3ad71ff6c6" href="a7eb6b72-f5f5-71dd-d946-df3ad71ff6c6.htm">Tel</a></li></tocItems></toc>