﻿<?xml version="1.0" encoding="utf-8"?><toc><breadcrumbs><li><a href="d75eb659-6335-53f6-af7a-81814a21ab7f.htm">Docs</a></li><li><a href="d75eb659-6335-53f6-af7a-81814a21ab7f.htm">Media<wbr />Tek</a></li><li><a href="daad75b9-52c8-f8d1-9036-4b0a41d506a1.htm">Media<wbr />Tek.<wbr />dal</a></li><li><a href="5f8996c3-f799-a42d-226b-3c6bff6b3046.htm">Access<wbr />Motif</a></li><li><a href="320c55c9-3ffa-c5f7-ea57-f25b963190df.htm">Methods</a></li></breadcrumbs><tocItems><li><a id="bb42ddb9-e4fa-23d1-e96f-e195f92b6c24" href="bb42ddb9-e4fa-23d1-e96f-e195f92b6c24.htm">Get<wbr />Les<wbr />Motifs</a></li></tocItems></toc>