﻿<?xml version="1.0" encoding="utf-8"?><toc><breadcrumbs><li><a href="d75eb659-6335-53f6-af7a-81814a21ab7f.htm">Docs</a></li><li><a href="d75eb659-6335-53f6-af7a-81814a21ab7f.htm">Media<wbr />Tek</a></li><li><a href="daad75b9-52c8-f8d1-9036-4b0a41d506a1.htm">Media<wbr />Tek.<wbr />dal</a></li><li><a href="06989c2b-df35-d887-8854-78d977b1ea87.htm">Access<wbr />Personnel</a></li><li><a href="e0474abf-04c1-9d6b-d578-877e740e5768.htm">Methods</a></li></breadcrumbs><tocItems><li><a id="4542c4d9-f9f5-f748-22c1-f0138d5598be" href="4542c4d9-f9f5-f748-22c1-f0138d5598be.htm">Add<wbr />Personnel</a></li><li><a id="71105405-03c4-7923-d605-62496ee4dcc5" href="71105405-03c4-7923-d605-62496ee4dcc5.htm">Controle<wbr />Authentification</a></li><li><a id="3621b899-5b58-899f-e6ee-9086030ae6b7" href="3621b899-5b58-899f-e6ee-9086030ae6b7.htm">Del<wbr />Personnel</a></li><li><a id="fd1d9eff-13c4-28c9-d76f-eb96f7eb0406" href="fd1d9eff-13c4-28c9-d76f-eb96f7eb0406.htm">Get<wbr />Le<wbr />Personnel</a></li><li><a id="452cfe18-c47d-1307-56f1-23bbd946afe1" href="452cfe18-c47d-1307-56f1-23bbd946afe1.htm">Update<wbr />Personnel</a></li></tocItems></toc>