﻿<?xml version="1.0" encoding="utf-8"?><toc><breadcrumbs><li><a href="d75eb659-6335-53f6-af7a-81814a21ab7f.htm">Docs</a></li><li><a href="d75eb659-6335-53f6-af7a-81814a21ab7f.htm">Media<wbr />Tek</a></li><li><a href="21e159bd-ba50-108a-cd4a-be2bd895667f.htm">Media<wbr />Tek.<wbr />model</a></li><li><a href="2005cd8c-ccb5-63d7-6c32-cbb3550a5026.htm">Responsable</a></li><li><a href="d7c96d9d-a748-2198-0b61-c29e5bdcf932.htm">Properties</a></li></breadcrumbs><tocItems><li><a id="42e8ed1c-e435-8d9f-ac57-51213a531c53" href="42e8ed1c-e435-8d9f-ac57-51213a531c53.htm">login</a></li><li><a id="976abf7b-fef8-2de0-e60b-7a69361b21cc" href="976abf7b-fef8-2de0-e60b-7a69361b21cc.htm">Pwd</a></li></tocItems></toc>