﻿<?xml version="1.0" encoding="utf-8"?><toc><breadcrumbs><li><a href="d75eb659-6335-53f6-af7a-81814a21ab7f.htm">Docs</a></li><li><a href="d75eb659-6335-53f6-af7a-81814a21ab7f.htm">Media<wbr />Tek</a></li><li><a href="21e159bd-ba50-108a-cd4a-be2bd895667f.htm">Media<wbr />Tek.<wbr />model</a></li><li><a href="7a120975-33c4-a7d9-10f6-5e726f429c86.htm">Motif</a></li></breadcrumbs><tocItems><li><a id="d2951cdb-5c5a-3c2b-fbda-e736e5f34285" href="d2951cdb-5c5a-3c2b-fbda-e736e5f34285.htm">Constructor</a></li><li><a id="5559b3fd-ed1a-c736-6cf2-518e028091d8" class="has-submenu" href="5559b3fd-ed1a-c736-6cf2-518e028091d8.htm"><span data-tocFile="../toc/IDBBEA.xml" class="icon toggle" onclick="ToggleExpandCollapse(this); return false;"><i class="fa fa-angle-right"> </i></span>Properties</a><ul class="toc-menu is-hidden"> </ul></li><li><a id="7f7c731d-4428-658b-ce42-de5007e6c270" class="has-submenu" href="7f7c731d-4428-658b-ce42-de5007e6c270.htm"><span data-tocFile="../toc/IDCBEA.xml" class="icon toggle" onclick="ToggleExpandCollapse(this); return false;"><i class="fa fa-angle-right"> </i></span>Methods</a><ul class="toc-menu is-hidden"> </ul></li></tocItems></toc>