﻿<?xml version="1.0" encoding="utf-8"?><toc><breadcrumbs><li><a href="d75eb659-6335-53f6-af7a-81814a21ab7f.htm">Docs</a></li><li><a href="d75eb659-6335-53f6-af7a-81814a21ab7f.htm">Media<wbr />Tek</a></li><li><a href="21e159bd-ba50-108a-cd4a-be2bd895667f.htm">Media<wbr />Tek.<wbr />model</a></li><li><a href="63edc296-161a-11a5-390a-97efefa04675.htm">Services</a></li><li><a href="967041d2-27f7-8d5e-e77e-3841c4e01362.htm">Properties</a></li></breadcrumbs><tocItems><li><a id="299fc5df-5225-ce38-ba95-d7d763bda58b" href="299fc5df-5225-ce38-ba95-d7d763bda58b.htm">Idservice</a></li><li><a id="e36f2916-d4a5-0e15-2158-8226e4f25e6d" href="e36f2916-d4a5-0e15-2158-8226e4f25e6d.htm">Nom</a></li></tocItems></toc>