﻿<?xml version="1.0" encoding="utf-8"?><toc><breadcrumbs><li><a href="d75eb659-6335-53f6-af7a-81814a21ab7f.htm">Docs</a></li><li><a href="d75eb659-6335-53f6-af7a-81814a21ab7f.htm">Media<wbr />Tek</a></li><li><a href="daad75b9-52c8-f8d1-9036-4b0a41d506a1.htm">Media<wbr />Tek.<wbr />dal</a></li><li><a href="5f953e6a-a558-2a19-f415-23b1a63d7a32.htm">Access<wbr />Service</a></li><li><a href="50cd4d5f-e122-ead9-4955-f55e0808d107.htm">Methods</a></li></breadcrumbs><tocItems><li><a id="67d540db-2d49-96bd-2498-7572ed5a3b38" href="67d540db-2d49-96bd-2498-7572ed5a3b38.htm">Get<wbr />Les<wbr />Services</a></li></tocItems></toc>