﻿<?xml version="1.0" encoding="utf-8"?><toc><breadcrumbs><li><a href="d75eb659-6335-53f6-af7a-81814a21ab7f.htm">Docs</a></li><li><a href="d75eb659-6335-53f6-af7a-81814a21ab7f.htm">Media<wbr />Tek</a></li><li><a href="0f97bd1b-a63b-6e54-a6bb-cb2ffc3841a2.htm">Media<wbr />Tek.<wbr />view</a></li><li><a href="88f65d7b-7018-d42c-0ca7-d9cce6b22cb3.htm">Frm<wbr />Authentification</a></li></breadcrumbs><tocItems><li><a id="05422907-cffd-8044-f72e-4e65f1cdf1e3" href="05422907-cffd-8044-f72e-4e65f1cdf1e3.htm">Constructor</a></li><li><a id="9cb12093-adbb-5a5b-c7b9-6f86153e25ea" href="9cb12093-adbb-5a5b-c7b9-6f86153e25ea.htm">Properties</a></li><li><a id="ab0da43a-af1a-3579-ed79-1a017e24bb7b" class="has-submenu" href="ab0da43a-af1a-3579-ed79-1a017e24bb7b.htm"><span data-tocFile="../toc/IDCBFA.xml" class="icon toggle" onclick="ToggleExpandCollapse(this); return false;"><i class="fa fa-angle-right"> </i></span>Methods</a><ul class="toc-menu is-hidden"> </ul></li><li><a id="9aaf15e8-bf5b-44a2-4946-c9a34c701583" href="9aaf15e8-bf5b-44a2-4946-c9a34c701583.htm">Events</a></li><li><a id="2ce467f5-26eb-71ea-d48b-54a3dda9c7a4" class="has-submenu" href="2ce467f5-26eb-71ea-d48b-54a3dda9c7a4.htm"><span data-tocFile="../toc/IDEBFA.xml" class="icon toggle" onclick="ToggleExpandCollapse(this); return false;"><i class="fa fa-angle-right"> </i></span>Fields</a><ul class="toc-menu is-hidden"> </ul></li></tocItems></toc>