﻿<?xml version="1.0" encoding="utf-8"?><toc><breadcrumbs><li><a href="d75eb659-6335-53f6-af7a-81814a21ab7f.htm">Docs</a></li><li><a href="d75eb659-6335-53f6-af7a-81814a21ab7f.htm">Media<wbr />Tek</a></li><li><a href="a7099810-3b54-141a-93f4-c393d87e9e88.htm">Media<wbr />Tek.<wbr />controller</a></li><li><a href="fa1380e4-e3e3-0f57-0d48-09a9a9ebf0fb.htm">Frm<wbr />Absences<wbr />Controller</a></li><li><a href="a0ec0ba1-7fea-426a-ff43-254c5d7bf347.htm">Fields</a></li></breadcrumbs><tocItems><li><a id="a7e868bb-8b2c-7eed-1ba4-c916c2263447" href="a7e868bb-8b2c-7eed-1ba4-c916c2263447.htm">Absences<wbr />Access</a></li><li><a id="106b9222-e17b-8f86-cfec-c375fdfd852a" href="106b9222-e17b-8f86-cfec-c375fdfd852a.htm">Motif<wbr />Access</a></li></tocItems></toc>