﻿<?xml version="1.0" encoding="utf-8"?><toc><breadcrumbs><li><a href="d75eb659-6335-53f6-af7a-81814a21ab7f.htm">Docs</a></li><li><a href="d75eb659-6335-53f6-af7a-81814a21ab7f.htm">Media<wbr />Tek</a></li><li><a href="0f97bd1b-a63b-6e54-a6bb-cb2ffc3841a2.htm">Media<wbr />Tek.<wbr />view</a></li><li><a href="e58e92b8-1040-9fbe-9657-26dd9edb2a35.htm">Frm<wbr />Absences</a></li><li><a href="f4bfd4ee-e319-8dce-f35d-78c5631b8d41.htm">Methods</a></li></breadcrumbs><tocItems><li><a id="a6242ecd-8099-7733-f144-1c42f89a0e6b" href="a6242ecd-8099-7733-f144-1c42f89a0e6b.htm">btn<wbr />Annul<wbr />Absence_<wbr />Click</a></li><li><a id="7b453c09-3a3c-ce8e-501c-1ac9706a48f1" href="7b453c09-3a3c-ce8e-501c-1ac9706a48f1.htm">btn<wbr />Enreg<wbr />Absence_<wbr />Click</a></li><li><a id="f217293e-72f9-5533-21f7-77a83049aa9c" href="f217293e-72f9-5533-21f7-77a83049aa9c.htm">btn<wbr />Modif<wbr />Absences_<wbr />Click</a></li><li><a id="92278284-9051-3f9a-91fe-1ee47afc624e" href="92278284-9051-3f9a-91fe-1ee47afc624e.htm">btn<wbr />Supp<wbr />Absences_<wbr />Click</a></li><li><a id="abc7046c-92f3-601d-d392-9deba069e05a" href="abc7046c-92f3-601d-d392-9deba069e05a.htm">dgv<wbr />Absences_<wbr />Cell<wbr />Formatting</a></li><li><a id="b272dfc6-b374-e1dd-2e95-7e8b41bd73d5" class="has-submenu" href="b272dfc6-b374-e1dd-2e95-7e8b41bd73d5.htm"><span data-tocFile="../toc/IDFCAFA.xml" class="icon toggle" onclick="ToggleExpandCollapse(this); return false;"><i class="fa fa-angle-right"> </i></span>Dispose</a><ul class="toc-menu is-hidden"> </ul></li><li><a id="d1ff26c9-0df1-037c-ae04-aaaab5c2b1e3" href="d1ff26c9-0df1-037c-ae04-aaaab5c2b1e3.htm">En<wbr />Cours<wbr />De<wbr />Modif<wbr />Absence</a></li><li><a id="54302667-2c89-23db-5a7f-5b1ded1a0d7c" href="54302667-2c89-23db-5a7f-5b1ded1a0d7c.htm">Init</a></li><li><a id="0738753b-875d-0478-d299-9aad4f19f22a" href="0738753b-875d-0478-d299-9aad4f19f22a.htm">Initialize<wbr />Component</a></li><li><a id="62bdd813-d2d1-fd56-8c4d-9fd133af373b" href="62bdd813-d2d1-fd56-8c4d-9fd133af373b.htm">Remplir<wbr />Liste<wbr />Absences</a></li><li><a id="8a51244c-981a-1658-4f04-6efad4bda5e9" href="8a51244c-981a-1658-4f04-6efad4bda5e9.htm">Remplir<wbr />Liste<wbr />Motifs</a></li></tocItems></toc>