﻿<?xml version="1.0" encoding="utf-8"?><toc><breadcrumbs><li><a href="d75eb659-6335-53f6-af7a-81814a21ab7f.htm">Docs</a></li><li><a href="d75eb659-6335-53f6-af7a-81814a21ab7f.htm">Media<wbr />Tek</a></li><li><a href="0f3633c4-ec23-e213-446a-86329e24d5b3.htm">Media<wbr />Tek.<wbr />bddmanager</a></li><li><a href="3b08b7b4-6bfa-4c27-a2dc-8e7517e48e71.htm">Bdd<wbr />Manager</a></li><li><a href="25e1cd3c-1581-c6aa-d44d-1a79c317c470.htm">Fields</a></li></breadcrumbs><tocItems><li><a id="a469a07b-c31f-ae58-fbf8-32fa79da21a9" href="a469a07b-c31f-ae58-fbf8-32fa79da21a9.htm">connection</a></li><li><a id="b7865aff-13ae-119b-7090-6e3af410a929" href="b7865aff-13ae-119b-7090-6e3af410a929.htm">instance</a></li></tocItems></toc>