﻿<?xml version="1.0" encoding="utf-8"?><toc><breadcrumbs><li><a href="d75eb659-6335-53f6-af7a-81814a21ab7f.htm">Docs</a></li><li><a href="d75eb659-6335-53f6-af7a-81814a21ab7f.htm">Media<wbr />Tek</a></li><li><a href="21e159bd-ba50-108a-cd4a-be2bd895667f.htm">Media<wbr />Tek.<wbr />model</a></li><li><a href="7a120975-33c4-a7d9-10f6-5e726f429c86.htm">Motif</a></li><li><a href="7f7c731d-4428-658b-ce42-de5007e6c270.htm">Methods</a></li></breadcrumbs><tocItems><li><a id="46bcce48-8936-8363-430e-0303e8bfc608" href="46bcce48-8936-8363-430e-0303e8bfc608.htm">To<wbr />String</a></li></tocItems></toc>