﻿<?xml version="1.0" encoding="utf-8"?><toc><breadcrumbs><li><a href="d75eb659-6335-53f6-af7a-81814a21ab7f.htm">Docs</a></li><li><a href="d75eb659-6335-53f6-af7a-81814a21ab7f.htm">Media<wbr />Tek</a></li><li><a href="daad75b9-52c8-f8d1-9036-4b0a41d506a1.htm">Media<wbr />Tek.<wbr />dal</a></li><li><a href="b4a902ce-5169-3b45-3e2d-27a9b988403e.htm">Access<wbr />Absences</a></li><li><a href="c31d6e16-19e2-d006-1474-82cee8889e94.htm">Fields</a></li></breadcrumbs><tocItems><li><a id="d516481f-abdc-0fe0-82c0-419e1b03364d" href="d516481f-abdc-0fe0-82c0-419e1b03364d.htm">access</a></li></tocItems></toc>