﻿<?xml version="1.0" encoding="utf-8"?><toc><breadcrumbs><li><a href="d75eb659-6335-53f6-af7a-81814a21ab7f.htm">Docs</a></li><li><a href="d75eb659-6335-53f6-af7a-81814a21ab7f.htm">Media<wbr />Tek</a></li><li><a href="a7099810-3b54-141a-93f4-c393d87e9e88.htm">Media<wbr />Tek.<wbr />controller</a></li><li><a href="6d80f743-c6cd-0e13-263c-57c36997fc9e.htm">Frm<wbr />Authentification<wbr />Controller</a></li><li><a href="f28ba9b8-4f3f-5aec-6a42-3688bde935ed.htm">Fields</a></li></breadcrumbs><tocItems><li><a id="caa905be-bdb8-a569-b90f-16a5368fc492" href="caa905be-bdb8-a569-b90f-16a5368fc492.htm">Access<wbr />Personnel</a></li></tocItems></toc>