﻿<?xml version="1.0" encoding="utf-8"?><toc><breadcrumbs><li><a href="d75eb659-6335-53f6-af7a-81814a21ab7f.htm">Docs</a></li><li><a href="d75eb659-6335-53f6-af7a-81814a21ab7f.htm">Media<wbr />Tek</a></li><li><a href="daad75b9-52c8-f8d1-9036-4b0a41d506a1.htm">Media<wbr />Tek.<wbr />dal</a></li><li><a href="5f8996c3-f799-a42d-226b-3c6bff6b3046.htm">Access<wbr />Motif</a></li><li><a href="8ebdfc16-e847-2782-c4f8-5f474d92209f.htm">Fields</a></li></breadcrumbs><tocItems><li><a id="10dda4bf-8acc-fb05-b99b-cf13dfd15837" href="10dda4bf-8acc-fb05-b99b-cf13dfd15837.htm">access</a></li></tocItems></toc>