﻿<?xml version="1.0" encoding="utf-8"?><toc><breadcrumbs><li><a href="d75eb659-6335-53f6-af7a-81814a21ab7f.htm">Docs</a></li><li><a href="d75eb659-6335-53f6-af7a-81814a21ab7f.htm">Media<wbr />Tek</a></li><li><a href="0f97bd1b-a63b-6e54-a6bb-cb2ffc3841a2.htm">Media<wbr />Tek.<wbr />view</a></li><li><a href="c7ee5a97-7f02-b4eb-8c8a-9befbfa03fd7.htm">Frm<wbr />Media<wbr />Tek</a></li><li><a href="1ee7990a-afe6-cfb0-fe4e-6b884ccb46fb.htm">Methods</a></li></breadcrumbs><tocItems><li><a id="18fd77b0-3116-770c-396d-71357c6d6e94" href="18fd77b0-3116-770c-396d-71357c6d6e94.htm">btn<wbr />Annul<wbr />Perso_<wbr />Click</a></li><li><a id="c85772f5-daf4-f82c-f829-6329eac9ab0b" href="c85772f5-daf4-f82c-f829-6329eac9ab0b.htm">btn<wbr />Enreg<wbr />Perso_<wbr />Click</a></li><li><a id="2b249535-3be4-a105-76b4-5efdff95277e" href="2b249535-3be4-a105-76b4-5efdff95277e.htm">btn<wbr />Modification_<wbr />Click</a></li><li><a id="60732c16-d773-8001-14bf-1ef44db54669" href="60732c16-d773-8001-14bf-1ef44db54669.htm">btn<wbr />Suppression_<wbr />Click</a></li><li><a id="77b9715a-d619-e6d4-7def-8b00ae673c09" href="77b9715a-d619-e6d4-7def-8b00ae673c09.htm">dgv<wbr />Personnel_<wbr />Cell<wbr />Content<wbr />Click</a></li><li><a id="5adada65-2c2b-7d2b-cb98-603d86fb7506" class="has-submenu" href="5adada65-2c2b-7d2b-cb98-603d86fb7506.htm"><span data-tocFile="../toc/IDFCCFA.xml" class="icon toggle" onclick="ToggleExpandCollapse(this); return false;"><i class="fa fa-angle-right"> </i></span>Dispose</a><ul class="toc-menu is-hidden"> </ul></li><li><a id="7e975260-601a-e40f-4f38-007e12ba11b1" href="7e975260-601a-e40f-4f38-007e12ba11b1.htm">En<wbr />Course<wbr />Modif<wbr />Personnel</a></li><li><a id="53c6fcdb-c8e7-c78a-fc9e-2be5e24849c4" href="53c6fcdb-c8e7-c78a-fc9e-2be5e24849c4.htm">Init</a></li><li><a id="4d35d2b2-c20f-631e-67e7-408d82602479" href="4d35d2b2-c20f-631e-67e7-408d82602479.htm">Initialize<wbr />Component</a></li><li><a id="4d0d4514-2a6b-5c95-71e2-8b870c77d44b" href="4d0d4514-2a6b-5c95-71e2-8b870c77d44b.htm">Remplir<wbr />Liste<wbr />Personnel</a></li><li><a id="f5edd973-facf-445b-286f-0437f2432af7" href="f5edd973-facf-445b-286f-0437f2432af7.htm">Remplir<wbr />Liste<wbr />Services</a></li></tocItems></toc>