﻿<?xml version="1.0" encoding="utf-8"?><toc><breadcrumbs><li><a href="d75eb659-6335-53f6-af7a-81814a21ab7f.htm">Docs</a></li><li><a href="d75eb659-6335-53f6-af7a-81814a21ab7f.htm">Media<wbr />Tek</a></li><li><a href="a7099810-3b54-141a-93f4-c393d87e9e88.htm">Media<wbr />Tek.<wbr />controller</a></li><li><a href="cf11b309-27b6-228f-2330-69d0778fffd8.htm">Frm<wbr />Media<wbr />Tek<wbr />Controller</a></li><li><a href="0d73b295-d1f2-c98f-3b40-d5c62468405d.htm">Fields</a></li></breadcrumbs><tocItems><li><a id="710e77fb-f79e-ac97-93e4-4a1468618fc2" href="710e77fb-f79e-ac97-93e4-4a1468618fc2.htm">Personnel<wbr />Access</a></li><li><a id="16f771e5-79fb-60c3-30a8-2fcb5952be38" href="16f771e5-79fb-60c3-30a8-2fcb5952be38.htm">Service<wbr />Access</a></li></tocItems></toc>