﻿<?xml version="1.0" encoding="utf-8"?><toc><breadcrumbs><li><a href="d75eb659-6335-53f6-af7a-81814a21ab7f.htm">Docs</a></li><li><a href="d75eb659-6335-53f6-af7a-81814a21ab7f.htm">Media<wbr />Tek</a></li><li><a href="daad75b9-52c8-f8d1-9036-4b0a41d506a1.htm">Media<wbr />Tek.<wbr />dal</a></li><li><a href="06989c2b-df35-d887-8854-78d977b1ea87.htm">Access<wbr />Personnel</a></li><li><a href="d98f9bd4-9085-bdca-676a-7ebac73cd6f7.htm">Fields</a></li></breadcrumbs><tocItems><li><a id="d3a31ebb-bc9c-9c5d-1c9f-607ae7f87323" href="d3a31ebb-bc9c-9c5d-1c9f-607ae7f87323.htm">access</a></li></tocItems></toc>