﻿<?xml version="1.0" encoding="utf-8"?><toc><breadcrumbs><li><a href="d75eb659-6335-53f6-af7a-81814a21ab7f.htm">Docs</a></li><li><a href="d75eb659-6335-53f6-af7a-81814a21ab7f.htm">Media<wbr />Tek</a></li><li><a href="daad75b9-52c8-f8d1-9036-4b0a41d506a1.htm">Media<wbr />Tek.<wbr />dal</a></li><li><a href="5f8996c3-f799-a42d-226b-3c6bff6b3046.htm">Access<wbr />Motif</a></li></breadcrumbs><tocItems><li><a id="d512110a-8005-45db-6a61-54c00901b7bf" href="d512110a-8005-45db-6a61-54c00901b7bf.htm">Constructor</a></li><li><a id="320c55c9-3ffa-c5f7-ea57-f25b963190df" class="has-submenu" href="320c55c9-3ffa-c5f7-ea57-f25b963190df.htm"><span data-tocFile="../toc/IDBCDA.xml" class="icon toggle" onclick="ToggleExpandCollapse(this); return false;"><i class="fa fa-angle-right"> </i></span>Methods</a><ul class="toc-menu is-hidden"> </ul></li><li><a id="8ebdfc16-e847-2782-c4f8-5f474d92209f" class="has-submenu" href="8ebdfc16-e847-2782-c4f8-5f474d92209f.htm"><span data-tocFile="../toc/IDCCDA.xml" class="icon toggle" onclick="ToggleExpandCollapse(this); return false;"><i class="fa fa-angle-right"> </i></span>Fields</a><ul class="toc-menu is-hidden"> </ul></li></tocItems></toc>