﻿<?xml version="1.0" encoding="utf-8"?><toc><breadcrumbs><li><a href="d75eb659-6335-53f6-af7a-81814a21ab7f.htm">Docs</a></li><li><a href="d75eb659-6335-53f6-af7a-81814a21ab7f.htm">Media<wbr />Tek</a></li><li><a href="21e159bd-ba50-108a-cd4a-be2bd895667f.htm">Media<wbr />Tek.<wbr />model</a></li><li><a href="69bc5100-d23a-a521-62f4-208cb892feda.htm">Personnel</a></li></breadcrumbs><tocItems><li><a id="677f4a4c-4295-6783-2015-8abd271cfb6a" href="677f4a4c-4295-6783-2015-8abd271cfb6a.htm">Constructor</a></li><li><a id="482a352c-ffc9-922d-728f-c60d203cc834" class="has-submenu" href="482a352c-ffc9-922d-728f-c60d203cc834.htm"><span data-tocFile="../toc/IDBCEA.xml" class="icon toggle" onclick="ToggleExpandCollapse(this); return false;"><i class="fa fa-angle-right"> </i></span>Properties</a><ul class="toc-menu is-hidden"> </ul></li><li><a id="817b7c01-7dda-5c07-26ef-0f50f81eab02" href="817b7c01-7dda-5c07-26ef-0f50f81eab02.htm">Methods</a></li></tocItems></toc>