﻿<?xml version="1.0" encoding="utf-8"?><toc><breadcrumbs><li><a href="d75eb659-6335-53f6-af7a-81814a21ab7f.htm">Docs</a></li><li><a href="d75eb659-6335-53f6-af7a-81814a21ab7f.htm">Media<wbr />Tek</a></li><li><a href="daad75b9-52c8-f8d1-9036-4b0a41d506a1.htm">Media<wbr />Tek.<wbr />dal</a></li><li><a href="5f953e6a-a558-2a19-f415-23b1a63d7a32.htm">Access<wbr />Service</a></li><li><a href="6b139d2f-bad9-7f28-ede1-d94682dfaefc.htm">Fields</a></li></breadcrumbs><tocItems><li><a id="ef03e8d4-cb40-81bd-9ed2-85a68c6ce0b6" href="ef03e8d4-cb40-81bd-9ed2-85a68c6ce0b6.htm">access</a></li></tocItems></toc>