﻿<?xml version="1.0" encoding="utf-8"?><toc><breadcrumbs><li><a href="d75eb659-6335-53f6-af7a-81814a21ab7f.htm">Docs</a></li><li><a href="d75eb659-6335-53f6-af7a-81814a21ab7f.htm">Media<wbr />Tek</a></li><li><a href="21e159bd-ba50-108a-cd4a-be2bd895667f.htm">Media<wbr />Tek.<wbr />model</a></li><li><a href="63edc296-161a-11a5-390a-97efefa04675.htm">Services</a></li><li><a href="bba09cf4-8e85-1486-fa85-801a5c28dc33.htm">Methods</a></li></breadcrumbs><tocItems><li><a id="459ac7f6-6b8c-3133-fadb-6d89e2501e63" href="459ac7f6-6b8c-3133-fadb-6d89e2501e63.htm">To<wbr />String</a></li></tocItems></toc>