﻿<?xml version="1.0" encoding="utf-8"?><toc><breadcrumbs><li><a href="d75eb659-6335-53f6-af7a-81814a21ab7f.htm">Docs</a></li><li><a href="d75eb659-6335-53f6-af7a-81814a21ab7f.htm">Media<wbr />Tek</a></li><li><a href="0f97bd1b-a63b-6e54-a6bb-cb2ffc3841a2.htm">Media<wbr />Tek.<wbr />view</a></li><li><a href="c7ee5a97-7f02-b4eb-8c8a-9befbfa03fd7.htm">Frm<wbr />Media<wbr />Tek</a></li></breadcrumbs><tocItems><li><a id="a39014ee-749e-7fc8-e42d-47d2c5c52bfa" href="a39014ee-749e-7fc8-e42d-47d2c5c52bfa.htm">Constructor</a></li><li><a id="baa88f6e-ad70-eb25-114f-f32385d7f88f" href="baa88f6e-ad70-eb25-114f-f32385d7f88f.htm">Properties</a></li><li><a id="1ee7990a-afe6-cfb0-fe4e-6b884ccb46fb" class="has-submenu" href="1ee7990a-afe6-cfb0-fe4e-6b884ccb46fb.htm"><span data-tocFile="../toc/IDCCFA.xml" class="icon toggle" onclick="ToggleExpandCollapse(this); return false;"><i class="fa fa-angle-right"> </i></span>Methods</a><ul class="toc-menu is-hidden"> </ul></li><li><a id="166d2d7c-b629-1df4-62de-28aa51257d1a" href="166d2d7c-b629-1df4-62de-28aa51257d1a.htm">Events</a></li><li><a id="e2935060-aa0b-3f06-c448-9fb0383f7130" class="has-submenu" href="e2935060-aa0b-3f06-c448-9fb0383f7130.htm"><span data-tocFile="../toc/IDECFA.xml" class="icon toggle" onclick="ToggleExpandCollapse(this); return false;"><i class="fa fa-angle-right"> </i></span>Fields</a><ul class="toc-menu is-hidden"> </ul></li></tocItems></toc>