﻿<?xml version="1.0" encoding="utf-8"?><toc><breadcrumbs><li><a href="d75eb659-6335-53f6-af7a-81814a21ab7f.htm">Docs</a></li><li><a href="d75eb659-6335-53f6-af7a-81814a21ab7f.htm">Media<wbr />Tek</a></li><li><a href="daad75b9-52c8-f8d1-9036-4b0a41d506a1.htm">Media<wbr />Tek.<wbr />dal</a></li><li><a href="06989c2b-df35-d887-8854-78d977b1ea87.htm">Access<wbr />Personnel</a></li></breadcrumbs><tocItems><li><a id="4cacd9b3-d037-5055-63f3-8180ee8bc447" href="4cacd9b3-d037-5055-63f3-8180ee8bc447.htm">Constructor</a></li><li><a id="e0474abf-04c1-9d6b-d578-877e740e5768" class="has-submenu" href="e0474abf-04c1-9d6b-d578-877e740e5768.htm"><span data-tocFile="../toc/IDBDDA.xml" class="icon toggle" onclick="ToggleExpandCollapse(this); return false;"><i class="fa fa-angle-right"> </i></span>Methods</a><ul class="toc-menu is-hidden"> </ul></li><li><a id="d98f9bd4-9085-bdca-676a-7ebac73cd6f7" class="has-submenu" href="d98f9bd4-9085-bdca-676a-7ebac73cd6f7.htm"><span data-tocFile="../toc/IDCDDA.xml" class="icon toggle" onclick="ToggleExpandCollapse(this); return false;"><i class="fa fa-angle-right"> </i></span>Fields</a><ul class="toc-menu is-hidden"> </ul></li></tocItems></toc>