﻿<?xml version="1.0" encoding="utf-8"?><toc><breadcrumbs><li><a href="d75eb659-6335-53f6-af7a-81814a21ab7f.htm">Docs</a></li><li><a href="d75eb659-6335-53f6-af7a-81814a21ab7f.htm">Media<wbr />Tek</a></li><li><a href="21e159bd-ba50-108a-cd4a-be2bd895667f.htm">Media<wbr />Tek.<wbr />model</a></li><li><a href="2005cd8c-ccb5-63d7-6c32-cbb3550a5026.htm">Responsable</a></li></breadcrumbs><tocItems><li><a id="409cdea0-f0ab-377e-c245-33d50edfdc66" href="409cdea0-f0ab-377e-c245-33d50edfdc66.htm">Constructor</a></li><li><a id="d7c96d9d-a748-2198-0b61-c29e5bdcf932" class="has-submenu" href="d7c96d9d-a748-2198-0b61-c29e5bdcf932.htm"><span data-tocFile="../toc/IDBDEA.xml" class="icon toggle" onclick="ToggleExpandCollapse(this); return false;"><i class="fa fa-angle-right"> </i></span>Properties</a><ul class="toc-menu is-hidden"> </ul></li><li><a id="5ac56a4c-ada3-4e5e-b1cd-6d33cb90f70a" href="5ac56a4c-ada3-4e5e-b1cd-6d33cb90f70a.htm">Methods</a></li></tocItems></toc>