﻿<?xml version="1.0" encoding="utf-8"?><toc><breadcrumbs><li><a href="d75eb659-6335-53f6-af7a-81814a21ab7f.htm">Docs</a></li><li><a href="d75eb659-6335-53f6-af7a-81814a21ab7f.htm">Media<wbr />Tek</a></li><li><a href="21e159bd-ba50-108a-cd4a-be2bd895667f.htm">Media<wbr />Tek.<wbr />model</a></li></breadcrumbs><tocItems><li><a id="7787c461-0161-c050-2857-9583b8f9a1f8" class="has-submenu" href="7787c461-0161-c050-2857-9583b8f9a1f8.htm"><span data-tocFile="../toc/IDAEA.xml" class="icon toggle" onclick="ToggleExpandCollapse(this); return false;"><i class="fa fa-angle-right"> </i></span>Absences</a><ul class="toc-menu is-hidden"> </ul></li><li><a id="7a120975-33c4-a7d9-10f6-5e726f429c86" class="has-submenu" href="7a120975-33c4-a7d9-10f6-5e726f429c86.htm"><span data-tocFile="../toc/IDBEA.xml" class="icon toggle" onclick="ToggleExpandCollapse(this); return false;"><i class="fa fa-angle-right"> </i></span>Motif</a><ul class="toc-menu is-hidden"> </ul></li><li><a id="69bc5100-d23a-a521-62f4-208cb892feda" class="has-submenu" href="69bc5100-d23a-a521-62f4-208cb892feda.htm"><span data-tocFile="../toc/IDCEA.xml" class="icon toggle" onclick="ToggleExpandCollapse(this); return false;"><i class="fa fa-angle-right"> </i></span>Personnel</a><ul class="toc-menu is-hidden"> </ul></li><li><a id="2005cd8c-ccb5-63d7-6c32-cbb3550a5026" class="has-submenu" href="2005cd8c-ccb5-63d7-6c32-cbb3550a5026.htm"><span data-tocFile="../toc/IDDEA.xml" class="icon toggle" onclick="ToggleExpandCollapse(this); return false;"><i class="fa fa-angle-right"> </i></span>Responsable</a><ul class="toc-menu is-hidden"> </ul></li><li><a id="63edc296-161a-11a5-390a-97efefa04675" class="has-submenu" href="63edc296-161a-11a5-390a-97efefa04675.htm"><span data-tocFile="../toc/IDEEA.xml" class="icon toggle" onclick="ToggleExpandCollapse(this); return false;"><i class="fa fa-angle-right"> </i></span>Services</a><ul class="toc-menu is-hidden"> </ul></li></tocItems></toc>