﻿<?xml version="1.0" encoding="utf-8"?><toc><breadcrumbs><li><a href="d75eb659-6335-53f6-af7a-81814a21ab7f.htm">Docs</a></li><li><a href="d75eb659-6335-53f6-af7a-81814a21ab7f.htm">Media<wbr />Tek</a></li><li><a href="0f97bd1b-a63b-6e54-a6bb-cb2ffc3841a2.htm">Media<wbr />Tek.<wbr />view</a></li><li><a href="e58e92b8-1040-9fbe-9657-26dd9edb2a35.htm">Frm<wbr />Absences</a></li><li><a href="ac41a279-24c1-c41b-b9c6-22478ca7597b.htm">Fields</a></li></breadcrumbs><tocItems><li><a id="c26a7a23-d41e-2cf6-620f-b77e33858d72" href="c26a7a23-d41e-2cf6-620f-b77e33858d72.htm">bdg<wbr />Absences</a></li><li><a id="4a3bc62d-f0e0-d236-c688-1687fd077d3e" href="4a3bc62d-f0e0-d236-c688-1687fd077d3e.htm">bdg<wbr />Motifs</a></li><li><a id="52e9805a-2212-8864-6f95-70fb81250d6d" href="52e9805a-2212-8864-6f95-70fb81250d6d.htm">bdg<wbr />Personnel</a></li><li><a id="d7e2edb4-99a8-5764-fadc-156d9968076f" href="d7e2edb4-99a8-5764-fadc-156d9968076f.htm">btn<wbr />Annul<wbr />Absence</a></li><li><a id="0d8bf3b8-fa4a-d052-3d8d-7bf803a8aa4e" href="0d8bf3b8-fa4a-d052-3d8d-7bf803a8aa4e.htm">btn<wbr />Enreg<wbr />Absence</a></li><li><a id="53708986-c255-6c8d-17bd-9fb6244e1f5d" href="53708986-c255-6c8d-17bd-9fb6244e1f5d.htm">btn<wbr />Modif<wbr />Absences</a></li><li><a id="fa85bd90-0860-ec48-b76e-beff2edcd328" href="fa85bd90-0860-ec48-b76e-beff2edcd328.htm">btn<wbr />Supp<wbr />Absences</a></li><li><a id="89d7cbaa-69d7-c3da-030e-cc61672f0538" href="89d7cbaa-69d7-c3da-030e-cc61672f0538.htm">cbo<wbr />Motif</a></li><li><a id="27833f5a-c85d-636a-912d-0d94a1a39a60" href="27833f5a-c85d-636a-912d-0d94a1a39a60.htm">components</a></li><li><a id="eb7b229f-10f0-b597-861a-40a4d31a4ba0" href="eb7b229f-10f0-b597-861a-40a4d31a4ba0.htm">controller</a></li><li><a id="1b599f10-88b9-c874-f64d-1c04cd92ca15" href="1b599f10-88b9-c874-f64d-1c04cd92ca15.htm">dgv<wbr />Absences</a></li><li><a id="3626ed53-63c1-a386-074a-96852763a7b1" href="3626ed53-63c1-a386-074a-96852763a7b1.htm">dtp<wbr />Debut</a></li><li><a id="5eaf3cf1-8e4d-931f-3677-a98f8a9fe861" href="5eaf3cf1-8e4d-931f-3677-a98f8a9fe861.htm">dtp<wbr />Fin</a></li><li><a id="ead2bf84-8bdc-f0e8-2711-77f6d68c8d5f" href="ead2bf84-8bdc-f0e8-2711-77f6d68c8d5f.htm">en<wbr />Cours<wbr />De<wbr />Modif<wbr />Absence</a></li><li><a id="6adf10c0-46f3-5607-74fc-b95f4601c8f2" href="6adf10c0-46f3-5607-74fc-b95f4601c8f2.htm">grb<wbr />Absences</a></li><li><a id="9196cec9-d9cd-7814-6451-17e00370779f" href="9196cec9-d9cd-7814-6451-17e00370779f.htm">grb<wbr />Add<wbr />Absences</a></li><li><a id="8087ace0-af62-ffa4-ef42-2f77d758256a" href="8087ace0-af62-ffa4-ef42-2f77d758256a.htm">idpersonnel</a></li><li><a id="7d2f70b0-6fcb-5578-c265-9bff03017c01" href="7d2f70b0-6fcb-5578-c265-9bff03017c01.htm">label<wbr />3</a></li><li><a id="9d89fb31-2010-8e61-1eb6-06889cca326a" href="9d89fb31-2010-8e61-1eb6-06889cca326a.htm">label<wbr />4</a></li><li><a id="ec9c62f2-2c65-27f4-2b34-73af0a2f72d2" href="ec9c62f2-2c65-27f4-2b34-73af0a2f72d2.htm">label<wbr />5</a></li></tocItems></toc>