﻿<?xml version="1.0" encoding="utf-8"?><toc><breadcrumbs><li><a href="d75eb659-6335-53f6-af7a-81814a21ab7f.htm">Docs</a></li><li><a href="d75eb659-6335-53f6-af7a-81814a21ab7f.htm">Media<wbr />Tek</a></li><li><a href="daad75b9-52c8-f8d1-9036-4b0a41d506a1.htm">Media<wbr />Tek.<wbr />dal</a></li><li><a href="28b9e19d-21a5-8231-e308-bb14c0258e9f.htm">Access</a></li><li><a href="2437b30d-2a5b-2dc5-a24d-c4e98b46c15e.htm">Fields</a></li></breadcrumbs><tocItems><li><a id="7c4fe12f-9532-6e78-2b0e-30d35f0a7bfe" href="7c4fe12f-9532-6e78-2b0e-30d35f0a7bfe.htm">connection<wbr />String</a></li><li><a id="ca676de1-765e-683e-a01e-a03605616c61" href="ca676de1-765e-683e-a01e-a03605616c61.htm">instance</a></li></tocItems></toc>