﻿<?xml version="1.0" encoding="utf-8"?><toc><breadcrumbs><li><a href="d75eb659-6335-53f6-af7a-81814a21ab7f.htm">Docs</a></li><li><a href="d75eb659-6335-53f6-af7a-81814a21ab7f.htm">Media<wbr />Tek</a></li><li><a href="0f97bd1b-a63b-6e54-a6bb-cb2ffc3841a2.htm">Media<wbr />Tek.<wbr />view</a></li><li><a href="88f65d7b-7018-d42c-0ca7-d9cce6b22cb3.htm">Frm<wbr />Authentification</a></li><li><a href="2ce467f5-26eb-71ea-d48b-54a3dda9c7a4.htm">Fields</a></li></breadcrumbs><tocItems><li><a id="bcabbe33-37d4-e824-9d19-1d44ab690ce4" href="bcabbe33-37d4-e824-9d19-1d44ab690ce4.htm">btn<wbr />Connect</a></li><li><a id="8c44287e-6813-67ee-8577-3f16068b3568" href="8c44287e-6813-67ee-8577-3f16068b3568.htm">components</a></li><li><a id="332c8ea8-a655-eaee-b8d6-490f111de22f" href="332c8ea8-a655-eaee-b8d6-490f111de22f.htm">controller</a></li><li><a id="dc3d9de4-67b4-12e3-3937-9efdc483e9d9" href="dc3d9de4-67b4-12e3-3937-9efdc483e9d9.htm">label<wbr />1</a></li><li><a id="1fca7bf3-f640-722f-7e0a-4bd2a9e1e486" href="1fca7bf3-f640-722f-7e0a-4bd2a9e1e486.htm">label<wbr />2</a></li><li><a id="33e583c4-43b9-365d-ae57-125a2c8c0a7e" href="33e583c4-43b9-365d-ae57-125a2c8c0a7e.htm">txt<wbr />Login</a></li><li><a id="efda9d93-40f9-5a9a-4a4f-534edc0e3fd2" href="efda9d93-40f9-5a9a-4a4f-534edc0e3fd2.htm">txt<wbr />Pwd</a></li></tocItems></toc>