﻿<?xml version="1.0" encoding="utf-8"?><toc><breadcrumbs><li><a href="d75eb659-6335-53f6-af7a-81814a21ab7f.htm">Docs</a></li><li><a href="d75eb659-6335-53f6-af7a-81814a21ab7f.htm">Media<wbr />Tek</a></li><li><a href="0f97bd1b-a63b-6e54-a6bb-cb2ffc3841a2.htm">Media<wbr />Tek.<wbr />view</a></li><li><a href="c7ee5a97-7f02-b4eb-8c8a-9befbfa03fd7.htm">Frm<wbr />Media<wbr />Tek</a></li><li><a href="e2935060-aa0b-3f06-c448-9fb0383f7130.htm">Fields</a></li></breadcrumbs><tocItems><li><a id="98560b74-c426-a7bc-6c3b-f885bd990cdb" href="98560b74-c426-a7bc-6c3b-f885bd990cdb.htm">background<wbr />Worker<wbr />1</a></li><li><a id="4f4db584-0d9b-8498-67ac-61912dcb9ecb" href="4f4db584-0d9b-8498-67ac-61912dcb9ecb.htm">bdg<wbr />Personnel</a></li><li><a id="fd78e488-8fb3-ced5-53bb-c7621edfca8a" href="fd78e488-8fb3-ced5-53bb-c7621edfca8a.htm">bdg<wbr />Services</a></li><li><a id="8b588023-de13-a82e-9588-b9e41231729f" href="8b588023-de13-a82e-9588-b9e41231729f.htm">btn<wbr />Annul<wbr />Perso</a></li><li><a id="a5e53159-957a-ca49-7869-0ba789bc6de0" href="a5e53159-957a-ca49-7869-0ba789bc6de0.htm">btn<wbr />Enreg<wbr />Perso</a></li><li><a id="4685526b-e521-a017-9b28-7e299b51e2e6" href="4685526b-e521-a017-9b28-7e299b51e2e6.htm">btn<wbr />Modification</a></li><li><a id="af04ebdb-7628-6081-f61f-66c861e85769" href="af04ebdb-7628-6081-f61f-66c861e85769.htm">btn<wbr />Suppression</a></li><li><a id="0e4d6038-e29e-5cb4-4e0d-f0ca3d5e9304" href="0e4d6038-e29e-5cb4-4e0d-f0ca3d5e9304.htm">cb<wbr />Services</a></li><li><a id="522ebd48-a768-8201-c61b-4925259b1458" href="522ebd48-a768-8201-c61b-4925259b1458.htm">components</a></li><li><a id="6681cd10-adb2-53fb-ea36-f86ce9815ac7" href="6681cd10-adb2-53fb-ea36-f86ce9815ac7.htm">controller</a></li><li><a id="515159a0-32dd-f3a3-a9c3-e5c66d1a2481" href="515159a0-32dd-f3a3-a9c3-e5c66d1a2481.htm">dgv<wbr />Personnel</a></li><li><a id="5e750db4-c153-9736-18dd-99176b0de550" href="5e750db4-c153-9736-18dd-99176b0de550.htm">en<wbr />Cours<wbr />De<wbr />Modif<wbr />Personnel</a></li><li><a id="3a867260-85db-14c7-a0b3-89f357c8e8a0" href="3a867260-85db-14c7-a0b3-89f357c8e8a0.htm">grb<wbr />Ajout<wbr />Membre</a></li><li><a id="649b28f6-5d96-b851-5c71-fb01bf260062" href="649b28f6-5d96-b851-5c71-fb01bf260062.htm">grb<wbr />Le<wbr />Personnel</a></li><li><a id="5bf7f0bc-19da-1ef7-4314-f22187126ea2" href="5bf7f0bc-19da-1ef7-4314-f22187126ea2.htm">grb<wbr />Personnel</a></li><li><a id="928124d0-79ce-15c8-0434-c31bbdfe7609" href="928124d0-79ce-15c8-0434-c31bbdfe7609.htm">label<wbr />1</a></li><li><a id="1f3e2217-4e2b-3215-4045-40c94de38ded" href="1f3e2217-4e2b-3215-4045-40c94de38ded.htm">label<wbr />2</a></li><li><a id="efcc5240-89dc-de2b-43bd-86d950239a0a" href="efcc5240-89dc-de2b-43bd-86d950239a0a.htm">label<wbr />3</a></li><li><a id="673e19d1-91dd-333d-1af8-d0963cd503e9" href="673e19d1-91dd-333d-1af8-d0963cd503e9.htm">label<wbr />4</a></li><li><a id="f02b154a-e94b-d87b-2341-d41050b41349" href="f02b154a-e94b-d87b-2341-d41050b41349.htm">label<wbr />5</a></li><li><a id="027d5560-ed29-af5c-710b-19ce601000a0" href="027d5560-ed29-af5c-710b-19ce601000a0.htm">txt<wbr />Mail</a></li><li><a id="c668a5a8-eaad-5b54-b730-0b149108bf74" href="c668a5a8-eaad-5b54-b730-0b149108bf74.htm">txt<wbr />Nom</a></li><li><a id="0b609567-2030-22d1-072c-c2a112e543cb" href="0b609567-2030-22d1-072c-c2a112e543cb.htm">txt<wbr />Prenom</a></li><li><a id="b77dffd5-d88e-ea7e-c6ae-2fa2a1442bf4" href="b77dffd5-d88e-ea7e-c6ae-2fa2a1442bf4.htm">txt<wbr />Tel</a></li></tocItems></toc>