﻿<?xml version="1.0" encoding="utf-8"?><toc><breadcrumbs><li><a href="d75eb659-6335-53f6-af7a-81814a21ab7f.htm">Docs</a></li><li><a href="d75eb659-6335-53f6-af7a-81814a21ab7f.htm">Media<wbr />Tek</a></li><li><a href="daad75b9-52c8-f8d1-9036-4b0a41d506a1.htm">Media<wbr />Tek.<wbr />dal</a></li><li><a href="5f953e6a-a558-2a19-f415-23b1a63d7a32.htm">Access<wbr />Service</a></li></breadcrumbs><tocItems><li><a id="4f2407e2-5dfc-e5d1-d638-17b90ebf5666" href="4f2407e2-5dfc-e5d1-d638-17b90ebf5666.htm">Constructor</a></li><li><a id="50cd4d5f-e122-ead9-4955-f55e0808d107" class="has-submenu" href="50cd4d5f-e122-ead9-4955-f55e0808d107.htm"><span data-tocFile="../toc/IDBEDA.xml" class="icon toggle" onclick="ToggleExpandCollapse(this); return false;"><i class="fa fa-angle-right"> </i></span>Methods</a><ul class="toc-menu is-hidden"> </ul></li><li><a id="6b139d2f-bad9-7f28-ede1-d94682dfaefc" class="has-submenu" href="6b139d2f-bad9-7f28-ede1-d94682dfaefc.htm"><span data-tocFile="../toc/IDCEDA.xml" class="icon toggle" onclick="ToggleExpandCollapse(this); return false;"><i class="fa fa-angle-right"> </i></span>Fields</a><ul class="toc-menu is-hidden"> </ul></li></tocItems></toc>