﻿<?xml version="1.0" encoding="utf-8"?><toc><breadcrumbs><li><a href="d75eb659-6335-53f6-af7a-81814a21ab7f.htm">Docs</a></li><li><a href="d75eb659-6335-53f6-af7a-81814a21ab7f.htm">Media<wbr />Tek</a></li><li><a href="21e159bd-ba50-108a-cd4a-be2bd895667f.htm">Media<wbr />Tek.<wbr />model</a></li><li><a href="63edc296-161a-11a5-390a-97efefa04675.htm">Services</a></li></breadcrumbs><tocItems><li><a id="e6368b75-fec1-ce4f-ac4b-5f952200a852" href="e6368b75-fec1-ce4f-ac4b-5f952200a852.htm">Constructor</a></li><li><a id="967041d2-27f7-8d5e-e77e-3841c4e01362" class="has-submenu" href="967041d2-27f7-8d5e-e77e-3841c4e01362.htm"><span data-tocFile="../toc/IDBEEA.xml" class="icon toggle" onclick="ToggleExpandCollapse(this); return false;"><i class="fa fa-angle-right"> </i></span>Properties</a><ul class="toc-menu is-hidden"> </ul></li><li><a id="bba09cf4-8e85-1486-fa85-801a5c28dc33" class="has-submenu" href="bba09cf4-8e85-1486-fa85-801a5c28dc33.htm"><span data-tocFile="../toc/IDCEEA.xml" class="icon toggle" onclick="ToggleExpandCollapse(this); return false;"><i class="fa fa-angle-right"> </i></span>Methods</a><ul class="toc-menu is-hidden"> </ul></li></tocItems></toc>