﻿<?xml version="1.0" encoding="utf-8"?><toc><breadcrumbs><li><a href="d75eb659-6335-53f6-af7a-81814a21ab7f.htm">Docs</a></li><li><a href="d75eb659-6335-53f6-af7a-81814a21ab7f.htm">Media<wbr />Tek</a></li><li><a href="0f97bd1b-a63b-6e54-a6bb-cb2ffc3841a2.htm">Media<wbr />Tek.<wbr />view</a></li><li><a href="e58e92b8-1040-9fbe-9657-26dd9edb2a35.htm">Frm<wbr />Absences</a></li><li><a href="f4bfd4ee-e319-8dce-f35d-78c5631b8d41.htm">Methods</a></li><li><a href="b272dfc6-b374-e1dd-2e95-7e8b41bd73d5.htm">Dispose</a></li></breadcrumbs><tocItems><li><a id="393361e4-3007-add8-6a00-64136ec41c74" href="393361e4-3007-add8-6a00-64136ec41c74.htm">Dispose(<wbr />Boolean)</a></li></tocItems></toc>